menu_id,ata,group,label,enabled,path,key
M001,ATA 21 - Air Conditioning,CPC,1,True,ATA 21 - Air Conditioning → CPC → 1,CPC 1
M002,ATA 21 - Air Conditioning,CPC,2,True,ATA 21 - Air Conditioning → CPC → 2,CPC 2
M003,ATA 21 - Air Conditioning,Overheat,Pack 1,True,ATA 21 - Air Conditioning → Overheat → Pack 1,Overheat Pack 1
M004,ATA 21 - Air Conditioning,Overheat,Pack 2,True,ATA 21 - Air Conditioning → Overheat → Pack 2,Overheat Pack 2
M005,ATA 21 - Air Conditioning,Regulator fault,Pack 1,True,ATA 21 - Air Conditioning → Regulator fault → Pack 1,Regulator fault Pack 1
M006,ATA 21 - Air Conditioning,Regulator fault,Pack 2,True,ATA 21 - Air Conditioning → Regulator fault → Pack 2,Regulator fault Pack 2
M007,ATA 21 - Air Conditioning,Zone controller,Primary,True,ATA 21 - Air Conditioning → Zone controller → Primary,Zone controller Primary
M008,ATA 21 - Air Conditioning,Zone controller,Secondary,True,ATA 21 - Air Conditioning → Zone controller → Secondary,Zone controller Secondary
M009,ATA 21 - Air Conditioning,,Hot air fault,True,ATA 21 - Air Conditioning → Hot air fault,Hot air fault
M010,ATA 21 - Air Conditioning,,Cargo ventilation controller,True,ATA 21 - Air Conditioning → Cargo ventilation controller,Cargo ventilation controller
M011,ATA 21 - Air Conditioning,,Hot air valve aft cargo,True,ATA 21 - Air Conditioning → Hot air valve aft cargo,Hot air valve aft cargo
M012,ATA 21 - Air Conditioning,Cargo vent,Cargo Fwd Isolation Valve Upstream,True,ATA 21 - Air Conditioning → Cargo vent → Cargo Fwd Isolation Valve Upstream,Cargo vent Cargo Fwd Isolation Valve Upstream
M013,ATA 21 - Air Conditioning,Cargo vent,Cargo Fwd Isolation Valve Downstream,True,ATA 21 - Air Conditioning → Cargo vent → Cargo Fwd Isolation Valve Downstream,Cargo vent Cargo Fwd Isolation Valve Downstream
M014,ATA 21 - Air Conditioning,Cargo vent,Cargo Aft Isolation Valve Upstream,True,ATA 21 - Air Conditioning → Cargo vent → Cargo Aft Isolation Valve Upstream,Cargo vent Cargo Aft Isolation Valve Upstream
M015,ATA 21 - Air Conditioning,Cargo vent,Cargo Aft Isolation Valve Downstream,True,ATA 21 - Air Conditioning → Cargo vent → Cargo Aft Isolation Valve Downstream,Cargo vent Cargo Aft Isolation Valve Downstream
M016,ATA 21 - Air Conditioning,,Recirculation fans,True,ATA 21 - Air Conditioning → Recirculation fans,Recirculation fans
M017,ATA 21 - Air Conditioning,Decompression,Slow,True,ATA 21 - Air Conditioning → Decompression → Slow,Decompression Slow
M018,ATA 21 - Air Conditioning,Decompression,Rapid,True,ATA 21 - Air Conditioning → Decompression → Rapid,Decompression Rapid
M019,ATA 21 - Air Conditioning,,Outflow valve stuck,True,ATA 21 - Air Conditioning → Outflow valve stuck,Outflow valve stuck
M020,ATA 21 - Air Conditioning,Ventilation,Aevc,True,ATA 21 - Air Conditioning → Ventilation → Aevc,Ventilation Aevc
M021,ATA 21 - Air Conditioning,Ventilation,Blower Fault,True,ATA 21 - Air Conditioning → Ventilation → Blower Fault,Ventilation Blower Fault
M022,ATA 21 - Air Conditioning,Ventilation,Extract Fault,True,ATA 21 - Air Conditioning → Ventilation → Extract Fault,Ventilation Extract Fault
M023,ATA 21 - Air Conditioning,Ventilation valves,Vent Inlet Valve,True,ATA 21 - Air Conditioning → Ventilation valves → Vent Inlet Valve,Ventilation valves Vent Inlet Valve
M024,ATA 21 - Air Conditioning,Ventilation valves,Vent Extract Valve,True,ATA 21 - Air Conditioning → Ventilation valves → Vent Extract Valve,Ventilation valves Vent Extract Valve
M025,ATA 22 - AutoFlight,Nonresettable fault,Fac 1,True,ATA 22 - AutoFlight → Nonresettable fault → Fac 1,Nonresettable fault Fac 1
M026,ATA 22 - AutoFlight,Nonresettable fault,Fac 2,True,ATA 22 - AutoFlight → Nonresettable fault → Fac 2,Nonresettable fault Fac 2
M027,ATA 22 - AutoFlight,Resettable fault,Fac 1,True,ATA 22 - AutoFlight → Resettable fault → Fac 1,Resettable fault Fac 1
M028,ATA 22 - AutoFlight,Resettable fault,Fac 2,True,ATA 22 - AutoFlight → Resettable fault → Fac 2,Resettable fault Fac 2
M029,ATA 22 - AutoFlight,Rudder travel limiter,Channel 1,True,ATA 22 - AutoFlight → Rudder travel limiter → Channel 1,Rudder travel limiter Channel 1
M030,ATA 22 - AutoFlight,Rudder travel limiter,Channel 2,True,ATA 22 - AutoFlight → Rudder travel limiter → Channel 2,Rudder travel limiter Channel 2
M031,ATA 22 - AutoFlight,Rudder trim,Channel 1,True,ATA 22 - AutoFlight → Rudder trim → Channel 1,Rudder trim Channel 1
M032,ATA 22 - AutoFlight,Rudder trim,Channel 2,True,ATA 22 - AutoFlight → Rudder trim → Channel 2,Rudder trim Channel 2
M033,ATA 22 - AutoFlight,Reactive W/S det,Channel 1,True,ATA 22 - AutoFlight → Reactive W/S det → Channel 1,Reactive W/S det Channel 1
M034,ATA 22 - AutoFlight,Reactive W/S det,Channel 2,True,ATA 22 - AutoFlight → Reactive W/S det → Channel 2,Reactive W/S det Channel 2
M035,ATA 22 - AutoFlight,Law override,Alternate Law With Protection,True,ATA 22 - AutoFlight → Law override → Alternate Law With Protection,Law override Alternate Law With Protection
M036,ATA 22 - AutoFlight,Law override,Alternate Law Without Protection,True,ATA 22 - AutoFlight → Law override → Alternate Law Without Protection,Law override Alternate Law Without Protection
M037,ATA 22 - AutoFlight,Law override,Direct Law,True,ATA 22 - AutoFlight → Law override → Direct Law,Law override Direct Law
M038,ATA 22 - AutoFlight,FCU,Channel 1,True,ATA 22 - AutoFlight → FCU → Channel 1,FCU Channel 1
M039,ATA 22 - AutoFlight,FCU,Channel 2,True,ATA 22 - AutoFlight → FCU → Channel 2,FCU Channel 2
M040,ATA 22 - AutoFlight,A/THR,1,True,ATA 22 - AutoFlight → A/THR → 1,A/THR 1
M041,ATA 22 - AutoFlight,A/THR,2,True,ATA 22 - AutoFlight → A/THR → 2,A/THR 2
M042,ATA 22 - AutoFlight,AP,1,True,ATA 22 - AutoFlight → AP → 1,AP 1
M043,ATA 22 - AutoFlight,AP,2,True,ATA 22 - AutoFlight → AP → 2,AP 2
M044,ATA 24 - Electrical power,DC Bus Fault,Dc Bat Bus,True,ATA 24 - Electrical power → DC Bus Fault → Dc Bat Bus,DC Bus Fault Dc Bat Bus
M045,ATA 24 - Electrical power,DC Bus Fault,Dc Bus 1,True,ATA 24 - Electrical power → DC Bus Fault → Dc Bus 1,DC Bus Fault Dc Bus 1
M046,ATA 24 - Electrical power,DC Bus Fault,Dc Bus 2,True,ATA 24 - Electrical power → DC Bus Fault → Dc Bus 2,DC Bus Fault Dc Bus 2
M047,ATA 24 - Electrical power,DC Bus Fault,Hot Bus 1,True,ATA 24 - Electrical power → DC Bus Fault → Hot Bus 1,DC Bus Fault Hot Bus 1
M048,ATA 24 - Electrical power,DC Bus Fault,Hot Bus 2,True,ATA 24 - Electrical power → DC Bus Fault → Hot Bus 2,DC Bus Fault Hot Bus 2
M049,ATA 24 - Electrical power,DC Bus Fault,Dc Essential Bus,True,ATA 24 - Electrical power → DC Bus Fault → Dc Essential Bus,DC Bus Fault Dc Essential Bus
M050,ATA 24 - Electrical power,DC Bus Fault,Dc Essential Shed Bus,True,ATA 24 - Electrical power → DC Bus Fault → Dc Essential Shed Bus,DC Bus Fault Dc Essential Shed Bus
M051,ATA 24 - Electrical power,AC Bus Fault,Ac Bus 1,True,ATA 24 - Electrical power → AC Bus Fault → Ac Bus 1,AC Bus Fault Ac Bus 1
M052,ATA 24 - Electrical power,AC Bus Fault,Ac Bus 2,True,ATA 24 - Electrical power → AC Bus Fault → Ac Bus 2,AC Bus Fault Ac Bus 2
M053,ATA 24 - Electrical power,AC Bus Fault,Ac Essential Bus,True,ATA 24 - Electrical power → AC Bus Fault → Ac Essential Bus,AC Bus Fault Ac Essential Bus
M054,ATA 24 - Electrical power,AC Bus Fault,Ac Essential Shed Bus,True,ATA 24 - Electrical power → AC Bus Fault → Ac Essential Shed Bus,AC Bus Fault Ac Essential Shed Bus
M055,ATA 24 - Electrical power,AC Bus Fault,Ac Static Inverter Bus,True,ATA 24 - Electrical power → AC Bus Fault → Ac Static Inverter Bus,AC Bus Fault Ac Static Inverter Bus
M056,ATA 24 - Electrical power,AC 26v Bus Fault,Ac Bus 1 26v,True,ATA 24 - Electrical power → AC 26v Bus Fault → Ac Bus 1 26v,AC 26v Bus Fault Ac Bus 1 26v
M057,ATA 24 - Electrical power,AC 26v Bus Fault,Ac Bus 2 26v,True,ATA 24 - Electrical power → AC 26v Bus Fault → Ac Bus 2 26v,AC 26v Bus Fault Ac Bus 2 26v
M058,ATA 24 - Electrical power,AC 26v Bus Fault,Ac Ess Bus 26v,True,ATA 24 - Electrical power → AC 26v Bus Fault → Ac Ess Bus 26v,AC 26v Bus Fault Ac Ess Bus 26v
M059,ATA 24 - Electrical power,Generator,Apu,True,ATA 24 - Electrical power → Generator → Apu,Generator Apu
M060,ATA 24 - Electrical power,Generator,1,True,ATA 24 - Electrical power → Generator → 1,Generator 1
M061,ATA 24 - Electrical power,Generator,2,True,ATA 24 - Electrical power → Generator → 2,Generator 2
M062,ATA 24 - Electrical power,IDG oil ovht,Idg 1 Oil Overheat,True,ATA 24 - Electrical power → IDG oil ovht → Idg 1 Oil Overheat,IDG oil ovht Idg 1 Oil Overheat
M063,ATA 24 - Electrical power,IDG oil ovht,Idg 2 Oil Overheat,True,ATA 24 - Electrical power → IDG oil ovht → Idg 2 Oil Overheat,IDG oil ovht Idg 2 Oil Overheat
M064,ATA 24 - Electrical power,IDG oil low pressure,Idg 1 Oil Low Pressure,True,ATA 24 - Electrical power → IDG oil low pressure → Idg 1 Oil Low Pressure,IDG oil low pressure Idg 1 Oil Low Pressure
M065,ATA 24 - Electrical power,IDG oil low pressure,Idg 2 Oil Low Pressure,True,ATA 24 - Electrical power → IDG oil low pressure → Idg 2 Oil Low Pressure,IDG oil low pressure Idg 2 Oil Low Pressure
M066,ATA 24 - Electrical power,,Static inverter,True,ATA 24 - Electrical power → Static inverter,Static inverter
M067,ATA 24 - Electrical power,TR Failure,Tr 1,True,ATA 24 - Electrical power → TR Failure → Tr 1,TR Failure Tr 1
M068,ATA 24 - Electrical power,TR Failure,Tr 2,True,ATA 24 - Electrical power → TR Failure → Tr 2,TR Failure Tr 2
M069,ATA 24 - Electrical power,TR Failure,Ess,True,ATA 24 - Electrical power → TR Failure → Ess,TR Failure Ess
M070,ATA 24 - Electrical power,,AC Ess Bus Altn,True,ATA 24 - Electrical power → AC Ess Bus Altn,AC Ess Bus Altn
M071,ATA 24 - Electrical power,AC Ess feed,From Ac Bus 1,True,ATA 24 - Electrical power → AC Ess feed → From Ac Bus 1,AC Ess feed From Ac Bus 1
M072,ATA 24 - Electrical power,AC Ess feed,From Ac Bus 2,True,ATA 24 - Electrical power → AC Ess feed → From Ac Bus 2,AC Ess feed From Ac Bus 2
M073,ATA 26 - Fire protection,,SDCU,True,ATA 26 - Fire protection → SDCU,SDCU
M074,ATA 26 - Fire protection,,Fwd cargo smoke detected,True,ATA 26 - Fire protection → Fwd cargo smoke detected,Fwd cargo smoke detected
M075,ATA 26 - Fire protection,,Aft cargo smoke detected,True,ATA 26 - Fire protection → Aft cargo smoke detected,Aft cargo smoke detected
M076,ATA 26 - Fire protection,,Lavatory smoke,True,ATA 26 - Fire protection → Lavatory smoke,Lavatory smoke
M077,ATA 26 - Fire protection,Fire unextinguishable,Eng 1 Unextinguishable Fire,True,ATA 26 - Fire protection → Fire unextinguishable → Eng 1 Unextinguishable Fire,Fire unextinguishable Eng 1 Unextinguishable Fire
M078,ATA 26 - Fire protection,Fire unextinguishable,Eng 2 Unextinguishable Fire,True,ATA 26 - Fire protection → Fire unextinguishable → Eng 2 Unextinguishable Fire,Fire unextinguishable Eng 2 Unextinguishable Fire
M079,ATA 26 - Fire protection,Fire unextinguishable,Apu Unextinguishable Fire,True,ATA 26 - Fire protection → Fire unextinguishable → Apu Unextinguishable Fire,Fire unextinguishable Apu Unextinguishable Fire
M080,ATA 26 - Fire protection,Fire 1 bottle,Eng 1 Fire Extinguished With 1 Bottle,True,ATA 26 - Fire protection → Fire 1 bottle → Eng 1 Fire Extinguished With 1 Bottle,Fire 1 bottle Eng 1 Fire Extinguished With 1 Bottle
M081,ATA 26 - Fire protection,Fire 1 bottle,Eng 2 Fire Extinguished With 1 Bottle,True,ATA 26 - Fire protection → Fire 1 bottle → Eng 2 Fire Extinguished With 1 Bottle,Fire 1 bottle Eng 2 Fire Extinguished With 1 Bottle
M082,ATA 26 - Fire protection,Fire 1 bottle,Apu Fire Extinguished With 1 Bottle,True,ATA 26 - Fire protection → Fire 1 bottle → Apu Fire Extinguished With 1 Bottle,Fire 1 bottle Apu Fire Extinguished With 1 Bottle
M083,ATA 26 - Fire protection,Fire 2 bottles,Eng 1 Fire Extinguished With 2 Bottles,True,ATA 26 - Fire protection → Fire 2 bottles → Eng 1 Fire Extinguished With 2 Bottles,Fire 2 bottles Eng 1 Fire Extinguished With 2 Bottles
M084,ATA 26 - Fire protection,Fire 2 bottles,Eng 2 Fire Extinguished With 2 Bottles,True,ATA 26 - Fire protection → Fire 2 bottles → Eng 2 Fire Extinguished With 2 Bottles,Fire 2 bottles Eng 2 Fire Extinguished With 2 Bottles
M085,ATA 26 - Fire protection,Loop Eng 1,Eng 1 Loop A,True,ATA 26 - Fire protection → Loop Eng 1 → Eng 1 Loop A,Loop Eng 1 Eng 1 Loop A
M086,ATA 26 - Fire protection,Loop Eng 1,Eng 1 Loop B,True,ATA 26 - Fire protection → Loop Eng 1 → Eng 1 Loop B,Loop Eng 1 Eng 1 Loop B
M087,ATA 26 - Fire protection,Loop Eng 2,Eng 2 Loop A,True,ATA 26 - Fire protection → Loop Eng 2 → Eng 2 Loop A,Loop Eng 2 Eng 2 Loop A
M088,ATA 26 - Fire protection,Loop Eng 2,Eng 2 Loop B,True,ATA 26 - Fire protection → Loop Eng 2 → Eng 2 Loop B,Loop Eng 2 Eng 2 Loop B
M089,ATA 26 - Fire protection,Loop APU,Apu Loop A,True,ATA 26 - Fire protection → Loop APU → Apu Loop A,Loop APU Apu Loop A
M090,ATA 26 - Fire protection,Loop APU,Apu Loop B,True,ATA 26 - Fire protection → Loop APU → Apu Loop B,Loop APU Apu Loop B
M091,ATA 26 - Fire protection,FDU,1,True,ATA 26 - Fire protection → FDU → 1,FDU 1
M092,ATA 26 - Fire protection,FDU,2,True,ATA 26 - Fire protection → FDU → 2,FDU 2
M093,ATA 26 - Fire protection,FDU,3,True,ATA 26 - Fire protection → FDU → 3,FDU 3
M094,ATA 26 - Fire protection,,Avionics smoke detected,True,ATA 26 - Fire protection → Avionics smoke detected,Avionics smoke detected
M095,ATA 28 - Fuel,FQI,Chan 1,True,ATA 28 - Fuel → FQI → Chan 1,FQI Chan 1
M096,ATA 28 - Fuel,FQI,Chan 2,True,ATA 28 - Fuel → FQI → Chan 2,FQI Chan 2
M097,ATA 28 - Fuel,Fuel pump left,1,True,ATA 28 - Fuel → Fuel pump left → 1,Fuel pump left 1
M098,ATA 28 - Fuel,Fuel pump left,2,True,ATA 28 - Fuel → Fuel pump left → 2,Fuel pump left 2
M099,ATA 28 - Fuel,Fuel pump center,1,True,ATA 28 - Fuel → Fuel pump center → 1,Fuel pump center 1
M100,ATA 28 - Fuel,Fuel pump center,2,True,ATA 28 - Fuel → Fuel pump center → 2,Fuel pump center 2
M101,ATA 28 - Fuel,Fuel pump right,1,True,ATA 28 - Fuel → Fuel pump right → 1,Fuel pump right 1
M102,ATA 28 - Fuel,Fuel pump right,2,True,ATA 28 - Fuel → Fuel pump right → 2,Fuel pump right 2
M103,ATA 28 - Fuel,Fuel temp high,Inner Tank High Fuel Temp Ecam,True,ATA 28 - Fuel → Fuel temp high → Inner Tank High Fuel Temp Ecam,Fuel temp high Inner Tank High Fuel Temp Ecam
M104,ATA 28 - Fuel,Fuel temp high,Outer Tank High Fuel Temp Ecam,True,ATA 28 - Fuel → Fuel temp high → Outer Tank High Fuel Temp Ecam,Fuel temp high Outer Tank High Fuel Temp Ecam
M105,ATA 28 - Fuel,Fuel temp high,Inner Tank High Fuel Temp Adv,True,ATA 28 - Fuel → Fuel temp high → Inner Tank High Fuel Temp Adv,Fuel temp high Inner Tank High Fuel Temp Adv
M106,ATA 28 - Fuel,Fuel temp high,Outer Tank High Fuel Temp Adv,True,ATA 28 - Fuel → Fuel temp high → Outer Tank High Fuel Temp Adv,Fuel temp high Outer Tank High Fuel Temp Adv
M107,ATA 28 - Fuel,Fuel temp low,Inner Tank Low Fuel Temp Ecam,True,ATA 28 - Fuel → Fuel temp low → Inner Tank Low Fuel Temp Ecam,Fuel temp low Inner Tank Low Fuel Temp Ecam
M108,ATA 28 - Fuel,Fuel temp low,Outer Tank Low Fuel Temp Ecam,True,ATA 28 - Fuel → Fuel temp low → Outer Tank Low Fuel Temp Ecam,Fuel temp low Outer Tank Low Fuel Temp Ecam
M109,ATA 28 - Fuel,Fuel temp low,Inner Tank Low Fuel Temp Adv,True,ATA 28 - Fuel → Fuel temp low → Inner Tank Low Fuel Temp Adv,Fuel temp low Inner Tank Low Fuel Temp Adv
M110,ATA 28 - Fuel,Fuel temp low,Outer Tank Low Fuel Temp Adv,True,ATA 28 - Fuel → Fuel temp low → Outer Tank Low Fuel Temp Adv,Fuel temp low Outer Tank Low Fuel Temp Adv
M111,ATA 28 - Fuel,Fuel transfer valves,Left Transfer 1,True,ATA 28 - Fuel → Fuel transfer valves → Left Transfer 1,Fuel transfer valves Left Transfer 1
M112,ATA 28 - Fuel,Fuel transfer valves,Left Transfer 2,True,ATA 28 - Fuel → Fuel transfer valves → Left Transfer 2,Fuel transfer valves Left Transfer 2
M113,ATA 28 - Fuel,Fuel transfer valves,Right Transfer 1,True,ATA 28 - Fuel → Fuel transfer valves → Right Transfer 1,Fuel transfer valves Right Transfer 1
M114,ATA 28 - Fuel,Fuel transfer valves,Right Transfer 2,True,ATA 28 - Fuel → Fuel transfer valves → Right Transfer 2,Fuel transfer valves Right Transfer 2
M115,ATA 28 - Fuel,Fuel valves,Eng 1 Fuel Valve Stuck,True,ATA 28 - Fuel → Fuel valves → Eng 1 Fuel Valve Stuck,Fuel valves Eng 1 Fuel Valve Stuck
M116,ATA 28 - Fuel,Fuel valves,Eng 2 Fuel Valve Stuck,True,ATA 28 - Fuel → Fuel valves → Eng 2 Fuel Valve Stuck,Fuel valves Eng 2 Fuel Valve Stuck
M117,ATA 28 - Fuel,Fuel valves,Crossfeed Valve,True,ATA 28 - Fuel → Fuel valves → Crossfeed Valve,Fuel valves Crossfeed Valve
M118,ATA 28 - Fuel,Fuel valves,Defuel/transfer Valve,True,ATA 28 - Fuel → Fuel valves → Defuel/transfer Valve,Fuel valves Defuel/transfer Valve
M119,ATA 28 - Fuel,Fuel leak,Left Outer,True,ATA 28 - Fuel → Fuel leak → Left Outer,Fuel leak Left Outer
M120,ATA 28 - Fuel,Fuel leak,Left Inner,True,ATA 28 - Fuel → Fuel leak → Left Inner,Fuel leak Left Inner
M121,ATA 28 - Fuel,Fuel leak,Center,True,ATA 28 - Fuel → Fuel leak → Center,Fuel leak Center
M122,ATA 28 - Fuel,Fuel leak,Right Inner,True,ATA 28 - Fuel → Fuel leak → Right Inner,Fuel leak Right Inner
M123,ATA 28 - Fuel,Fuel leak,Right Outer,True,ATA 28 - Fuel → Fuel leak → Right Outer,Fuel leak Right Outer
M124,ATA 28 - Fuel,HP Fuel valve,Eng 1,True,ATA 28 - Fuel → HP Fuel valve → Eng 1,HP Fuel valve Eng 1
M125,ATA 28 - Fuel,HP Fuel valve,Eng 2,True,ATA 28 - Fuel → HP Fuel valve → Eng 2,HP Fuel valve Eng 2
M126,ATA 29 - Hydraulic power,Hydraulic leak,Green,True,ATA 29 - Hydraulic power → Hydraulic leak → Green,Hydraulic leak Green
M127,ATA 29 - Hydraulic power,Hydraulic leak,Blue,True,ATA 29 - Hydraulic power → Hydraulic leak → Blue,Hydraulic leak Blue
M128,ATA 29 - Hydraulic power,Hydraulic leak,Yellow,True,ATA 29 - Hydraulic power → Hydraulic leak → Yellow,Hydraulic leak Yellow
M129,ATA 29 - Hydraulic power,Reservoir overheat,Green,True,ATA 29 - Hydraulic power → Reservoir overheat → Green,Reservoir overheat Green
M130,ATA 29 - Hydraulic power,Reservoir overheat,Blue,True,ATA 29 - Hydraulic power → Reservoir overheat → Blue,Reservoir overheat Blue
M131,ATA 29 - Hydraulic power,Reservoir overheat,Yellow,True,ATA 29 - Hydraulic power → Reservoir overheat → Yellow,Reservoir overheat Yellow
M132,ATA 29 - Hydraulic power,Reservoir low air pressure,Green Low Reservoir Air Pressure,True,ATA 29 - Hydraulic power → Reservoir low air pressure → Green Low Reservoir Air Pressure,Reservoir low air pressure Green Low Reservoir Air Pressure
M133,ATA 29 - Hydraulic power,Reservoir low air pressure,Blue Low Reservoir Air Pressure,True,ATA 29 - Hydraulic power → Reservoir low air pressure → Blue Low Reservoir Air Pressure,Reservoir low air pressure Blue Low Reservoir Air Pressure
M134,ATA 29 - Hydraulic power,Reservoir low air pressure,Yellow Low Reservoir Air Pressure,True,ATA 29 - Hydraulic power → Reservoir low air pressure → Yellow Low Reservoir Air Pressure,Reservoir low air pressure Yellow Low Reservoir Air Pressure
M135,ATA 29 - Hydraulic power,Hydraulic low,Green  Level,True,ATA 29 - Hydraulic power → Hydraulic low → Green  Level,Hydraulic low Green  Level
M136,ATA 29 - Hydraulic power,Hydraulic low,Blue  Level,True,ATA 29 - Hydraulic power → Hydraulic low → Blue  Level,Hydraulic low Blue  Level
M137,ATA 29 - Hydraulic power,Hydraulic low,Yellow  Level,True,ATA 29 - Hydraulic power → Hydraulic low → Yellow  Level,Hydraulic low Yellow  Level
M138,ATA 29 - Hydraulic power,Engine pumps,Eng 1 Pump Failure,True,ATA 29 - Hydraulic power → Engine pumps → Eng 1 Pump Failure,Engine pumps Eng 1 Pump Failure
M139,ATA 29 - Hydraulic power,Engine pumps,Eng 2 Pump Failure,True,ATA 29 - Hydraulic power → Engine pumps → Eng 2 Pump Failure,Engine pumps Eng 2 Pump Failure
M140,ATA 29 - Hydraulic power,Fire valves,Eng 1 Fire Valve,True,ATA 29 - Hydraulic power → Fire valves → Eng 1 Fire Valve,Fire valves Eng 1 Fire Valve
M141,ATA 29 - Hydraulic power,Fire valves,Eng 2 Fire Valve,True,ATA 29 - Hydraulic power → Fire valves → Eng 2 Fire Valve,Fire valves Eng 2 Fire Valve
M142,ATA 29 - Hydraulic power,,PTU Fault,True,ATA 29 - Hydraulic power → PTU Fault,PTU Fault
M143,ATA 29 - Hydraulic power,Elec pumps,Elec Hyd Pump Blue Failure,True,ATA 29 - Hydraulic power → Elec pumps → Elec Hyd Pump Blue Failure,Elec pumps Elec Hyd Pump Blue Failure
M144,ATA 29 - Hydraulic power,Elec pumps,Elec Hyd Pump Yellow Failure,True,ATA 29 - Hydraulic power → Elec pumps → Elec Hyd Pump Yellow Failure,Elec pumps Elec Hyd Pump Yellow Failure
M145,ATA 29 - Hydraulic power,Elec pump overheat,Elec Blue Pump Overheat,True,ATA 29 - Hydraulic power → Elec pump overheat → Elec Blue Pump Overheat,Elec pump overheat Elec Blue Pump Overheat
M146,ATA 29 - Hydraulic power,Elec pump overheat,Elec Yellow Pump Overheat,True,ATA 29 - Hydraulic power → Elec pump overheat → Elec Yellow Pump Overheat,Elec pump overheat Elec Yellow Pump Overheat
M147,ATA 32 - Landing gear,BSCU,Sys 1,True,ATA 32 - Landing gear → BSCU → Sys 1,BSCU Sys 1
M148,ATA 32 - Landing gear,BSCU,Sys 2,True,ATA 32 - Landing gear → BSCU → Sys 2,BSCU Sys 2
M149,ATA 32 - Landing gear,,ABCU,True,ATA 32 - Landing gear → ABCU,ABCU
M150,ATA 32 - Landing gear,Brake fault,Bscu 1,True,ATA 32 - Landing gear → Brake fault → Bscu 1,Brake fault Bscu 1
M151,ATA 32 - Landing gear,Brake fault,Bscu 2,True,ATA 32 - Landing gear → Brake fault → Bscu 2,Brake fault Bscu 2
M152,ATA 32 - Landing gear,Brake fault,Autobrake Failure,True,ATA 32 - Landing gear → Brake fault → Autobrake Failure,Brake fault Autobrake Failure
M153,ATA 32 - Landing gear,Wheel brake fault,1,True,ATA 32 - Landing gear → Wheel brake fault → 1,Wheel brake fault 1
M154,ATA 32 - Landing gear,Wheel brake fault,2,True,ATA 32 - Landing gear → Wheel brake fault → 2,Wheel brake fault 2
M155,ATA 32 - Landing gear,Wheel brake fault,3,True,ATA 32 - Landing gear → Wheel brake fault → 3,Wheel brake fault 3
M156,ATA 32 - Landing gear,Wheel brake fault,4,True,ATA 32 - Landing gear → Wheel brake fault → 4,Wheel brake fault 4
M157,ATA 32 - Landing gear,Tyre pressure,Main 1 Low,True,ATA 32 - Landing gear → Tyre pressure → Main 1 Low,Tyre pressure Main 1 Low
M158,ATA 32 - Landing gear,Tyre pressure,Main 2 Low,True,ATA 32 - Landing gear → Tyre pressure → Main 2 Low,Tyre pressure Main 2 Low
M159,ATA 32 - Landing gear,Tyre pressure,Left 1 Low,True,ATA 32 - Landing gear → Tyre pressure → Left 1 Low,Tyre pressure Left 1 Low
M160,ATA 32 - Landing gear,Tyre pressure,Left 2 Low,True,ATA 32 - Landing gear → Tyre pressure → Left 2 Low,Tyre pressure Left 2 Low
M161,ATA 32 - Landing gear,Tyre pressure,Right 1 Low,True,ATA 32 - Landing gear → Tyre pressure → Right 1 Low,Tyre pressure Right 1 Low
M162,ATA 32 - Landing gear,Tyre pressure,Right 2 Low,True,ATA 32 - Landing gear → Tyre pressure → Right 2 Low,Tyre pressure Right 2 Low
M163,ATA 32 - Landing gear,,Nose wheel steering,True,ATA 32 - Landing gear → Nose wheel steering,Nose wheel steering
M164,ATA 32 - Landing gear,LGCIU,1,True,ATA 32 - Landing gear → LGCIU → 1,LGCIU 1
M165,ATA 32 - Landing gear,LGCIU,2,True,ATA 32 - Landing gear → LGCIU → 2,LGCIU 2
M166,ATA 32 - Landing gear,,Gear safety valve,True,ATA 32 - Landing gear → Gear safety valve,Gear safety valve
M167,ATA 32 - Landing gear,Gear lock,Left Main Gear Does Not Lock,True,ATA 32 - Landing gear → Gear lock → Left Main Gear Does Not Lock,Gear lock Left Main Gear Does Not Lock
M168,ATA 32 - Landing gear,Gear lock,Nose Gear Does Not Lock,True,ATA 32 - Landing gear → Gear lock → Nose Gear Does Not Lock,Gear lock Nose Gear Does Not Lock
M169,ATA 32 - Landing gear,Gear lock,Right Main Gear Does Not Lock,True,ATA 32 - Landing gear → Gear lock → Right Main Gear Does Not Lock,Gear lock Right Main Gear Does Not Lock
M170,ATA 32 - Landing gear,Gear failure,Gear Locked Up,True,ATA 32 - Landing gear → Gear failure → Gear Locked Up,Gear failure Gear Locked Up
M171,ATA 32 - Landing gear,Gear failure,Gear Locked Down,True,ATA 32 - Landing gear → Gear failure → Gear Locked Down,Gear failure Gear Locked Down
M172,ATA 34 - Navigation,IR fault,Ir1 Ir Failure,True,ATA 34 - Navigation → IR fault → Ir1 Ir Failure,IR fault Ir1 Ir Failure
M173,ATA 34 - Navigation,IR fault,Ir2 Ir Failure,True,ATA 34 - Navigation → IR fault → Ir2 Ir Failure,IR fault Ir2 Ir Failure
M174,ATA 34 - Navigation,IR fault,Ir3 Ir Failure,True,ATA 34 - Navigation → IR fault → Ir3 Ir Failure,IR fault Ir3 Ir Failure
M175,ATA 34 - Navigation,IRS position failure,Ir1 Position Failure,True,ATA 34 - Navigation → IRS position failure → Ir1 Position Failure,IRS position failure Ir1 Position Failure
M176,ATA 34 - Navigation,IRS position failure,Ir2 Position Failure,True,ATA 34 - Navigation → IRS position failure → Ir2 Position Failure,IRS position failure Ir2 Position Failure
M177,ATA 34 - Navigation,IRS position failure,Ir3 Position Failure,True,ATA 34 - Navigation → IRS position failure → Ir3 Position Failure,IRS position failure Ir3 Position Failure
M178,ATA 34 - Navigation,ADR fault,Adr1 Failure,True,ATA 34 - Navigation → ADR fault → Adr1 Failure,ADR fault Adr1 Failure
M179,ATA 34 - Navigation,ADR fault,Adr2 Failure,True,ATA 34 - Navigation → ADR fault → Adr2 Failure,ADR fault Adr2 Failure
M180,ATA 34 - Navigation,ADR fault,Adr3 Failure,True,ATA 34 - Navigation → ADR fault → Adr3 Failure,ADR fault Adr3 Failure
M181,ATA 34 - Navigation,IRS Alignment,Ir1 Alignment,True,ATA 34 - Navigation → IRS Alignment → Ir1 Alignment,IRS Alignment Ir1 Alignment
M182,ATA 34 - Navigation,IRS Alignment,Ir2 Alignment,True,ATA 34 - Navigation → IRS Alignment → Ir2 Alignment,IRS Alignment Ir2 Alignment
M183,ATA 34 - Navigation,IRS Alignment,Ir3 Alignment,True,ATA 34 - Navigation → IRS Alignment → Ir3 Alignment,IRS Alignment Ir3 Alignment
M184,ATA 34 - Navigation,Pitot blocked,Capt,True,ATA 34 - Navigation → Pitot blocked → Capt,Pitot blocked Capt
M185,ATA 34 - Navigation,Pitot blocked,F/o,True,ATA 34 - Navigation → Pitot blocked → F/o,Pitot blocked F/o
M186,ATA 34 - Navigation,Pitot blocked,Stdby,True,ATA 34 - Navigation → Pitot blocked → Stdby,Pitot blocked Stdby
M187,ATA 34 - Navigation,Pitch discrepancy,Ir1,True,ATA 34 - Navigation → Pitch discrepancy → Ir1,Pitch discrepancy Ir1
M188,ATA 34 - Navigation,Pitch discrepancy,Ir2,True,ATA 34 - Navigation → Pitch discrepancy → Ir2,Pitch discrepancy Ir2
M189,ATA 34 - Navigation,Pitch discrepancy,Ir3,True,ATA 34 - Navigation → Pitch discrepancy → Ir3,Pitch discrepancy Ir3
M190,ATA 34 - Navigation,Bank discrepancy,Ir1,True,ATA 34 - Navigation → Bank discrepancy → Ir1,Bank discrepancy Ir1
M191,ATA 34 - Navigation,Bank discrepancy,Ir2,True,ATA 34 - Navigation → Bank discrepancy → Ir2,Bank discrepancy Ir2
M192,ATA 34 - Navigation,Bank discrepancy,Ir3,True,ATA 34 - Navigation → Bank discrepancy → Ir3,Bank discrepancy Ir3
M193,ATA 34 - Navigation,Heading discrepancy,Ir1,True,ATA 34 - Navigation → Heading discrepancy → Ir1,Heading discrepancy Ir1
M194,ATA 34 - Navigation,Heading discrepancy,Ir2,True,ATA 34 - Navigation → Heading discrepancy → Ir2,Heading discrepancy Ir2
M195,ATA 34 - Navigation,Heading discrepancy,Ir3,True,ATA 34 - Navigation → Heading discrepancy → Ir3,Heading discrepancy Ir3
M196,ATA 34 - Navigation,IR Disagree,Ir1,True,ATA 34 - Navigation → IR Disagree → Ir1,IR Disagree Ir1
M197,ATA 34 - Navigation,IR Disagree,Ir2,True,ATA 34 - Navigation → IR Disagree → Ir2,IR Disagree Ir2
M198,ATA 34 - Navigation,MCDU,1,True,ATA 34 - Navigation → MCDU → 1,MCDU 1
M199,ATA 34 - Navigation,MCDU,2,True,ATA 34 - Navigation → MCDU → 2,MCDU 2
M200,ATA 34 - Navigation,MCDU recoverable fault,Cdu 1 Recoverable Fault,True,ATA 34 - Navigation → MCDU recoverable fault → Cdu 1 Recoverable Fault,MCDU recoverable fault Cdu 1 Recoverable Fault
M201,ATA 34 - Navigation,MCDU recoverable fault,Cdu 2 Recoverable Fault,True,ATA 34 - Navigation → MCDU recoverable fault → Cdu 2 Recoverable Fault,MCDU recoverable fault Cdu 2 Recoverable Fault
M202,ATA 34 - Navigation,FMGC,1,True,ATA 34 - Navigation → FMGC → 1,FMGC 1
M203,ATA 34 - Navigation,FMGC,2,True,ATA 34 - Navigation → FMGC → 2,FMGC 2
M204,ATA 34 - Navigation,,GPWC,True,ATA 34 - Navigation → GPWC,GPWC
M205,ATA 34 - Navigation,Radios,Vor 1,True,ATA 34 - Navigation → Radios → Vor 1,Radios Vor 1
M206,ATA 34 - Navigation,Radios,Vor 2,True,ATA 34 - Navigation → Radios → Vor 2,Radios Vor 2
M207,ATA 34 - Navigation,Radios,Adf 1,True,ATA 34 - Navigation → Radios → Adf 1,Radios Adf 1
M208,ATA 34 - Navigation,Radios,Adf 2,True,ATA 34 - Navigation → Radios → Adf 2,Radios Adf 2
M209,ATA 34 - Navigation,ILS,1 Loc,True,ATA 34 - Navigation → ILS → 1 Loc,ILS 1 Loc
M210,ATA 34 - Navigation,ILS,1 G/s,True,ATA 34 - Navigation → ILS → 1 G/s,ILS 1 G/s
M211,ATA 34 - Navigation,ILS,2 Loc,True,ATA 34 - Navigation → ILS → 2 Loc,ILS 2 Loc
M212,ATA 34 - Navigation,ILS,2 G/s,True,ATA 34 - Navigation → ILS → 2 G/s,ILS 2 G/s
M213,ATA 34 - Navigation,ILS transmitter,Localizer,True,ATA 34 - Navigation → ILS transmitter → Localizer,ILS transmitter Localizer
M214,ATA 34 - Navigation,ILS transmitter,Glideslope,True,ATA 34 - Navigation → ILS transmitter → Glideslope,ILS transmitter Glideslope
M215,ATA 34 - Navigation,GPS,1,True,ATA 34 - Navigation → GPS → 1,GPS 1
M216,ATA 34 - Navigation,GPS,2,True,ATA 34 - Navigation → GPS → 2,GPS 2
M217,ATA 34 - Navigation,Radio altimeter,1,True,ATA 34 - Navigation → Radio altimeter → 1,Radio altimeter 1
M218,ATA 34 - Navigation,Radio altimeter,2,True,ATA 34 - Navigation → Radio altimeter → 2,Radio altimeter 2
M219,ATA 34 - Navigation,,NAV accuracy downgrade,True,ATA 34 - Navigation → NAV accuracy downgrade,NAV accuracy downgrade
M220,ATA 34 - Navigation,,TCAS,True,ATA 34 - Navigation → TCAS,TCAS
M221,ATA 34 - Navigation,ATC,1,True,ATA 34 - Navigation → ATC → 1,ATC 1
M222,ATA 34 - Navigation,ATC,2,True,ATA 34 - Navigation → ATC → 2,ATC 2
M223,ATA 36 - Pneumatic,,Lavatory/Galley fan,True,ATA 36 - Pneumatic → Lavatory/Galley fan,Lavatory/Galley fan
M224,ATA 36 - Pneumatic,Pneumatic valves,Eng 1 Hp Valve,True,ATA 36 - Pneumatic → Pneumatic valves → Eng 1 Hp Valve,Pneumatic valves Eng 1 Hp Valve
M225,ATA 36 - Pneumatic,Pneumatic valves,Eng 2 Hp Valve,True,ATA 36 - Pneumatic → Pneumatic valves → Eng 2 Hp Valve,Pneumatic valves Eng 2 Hp Valve
M226,ATA 36 - Pneumatic,Pneumatic valves,Ram Air Valve,True,ATA 36 - Pneumatic → Pneumatic valves → Ram Air Valve,Pneumatic valves Ram Air Valve
M227,ATA 36 - Pneumatic,Pneumatic valves,Eng 1 Bleed Valve,True,ATA 36 - Pneumatic → Pneumatic valves → Eng 1 Bleed Valve,Pneumatic valves Eng 1 Bleed Valve
M228,ATA 36 - Pneumatic,Pneumatic valves,Eng 2 Bleed Valve,True,ATA 36 - Pneumatic → Pneumatic valves → Eng 2 Bleed Valve,Pneumatic valves Eng 2 Bleed Valve
M229,ATA 36 - Pneumatic,Pneumatic valves,Hot Air Valve,True,ATA 36 - Pneumatic → Pneumatic valves → Hot Air Valve,Pneumatic valves Hot Air Valve
M230,ATA 36 - Pneumatic,Bleed air low temperature,Eng 1 Bleed Low Temp,True,ATA 36 - Pneumatic → Bleed air low temperature → Eng 1 Bleed Low Temp,Bleed air low temperature Eng 1 Bleed Low Temp
M231,ATA 36 - Pneumatic,Bleed air low temperature,Eng 2 Bleed Low Temp,True,ATA 36 - Pneumatic → Bleed air low temperature → Eng 2 Bleed Low Temp,Bleed air low temperature Eng 2 Bleed Low Temp
M232,ATA 36 - Pneumatic,BMC,1,True,ATA 36 - Pneumatic → BMC → 1,BMC 1
M233,ATA 36 - Pneumatic,BMC,2,True,ATA 36 - Pneumatic → BMC → 2,BMC 2
M234,ATA 36 - Pneumatic,Pneumatic valve,Crossbleed Valve,True,ATA 36 - Pneumatic → Pneumatic valve → Crossbleed Valve,Pneumatic valve Crossbleed Valve
M235,ATA 36 - Pneumatic,Pneumatic valve,Apu Bleed Valve,True,ATA 36 - Pneumatic → Pneumatic valve → Apu Bleed Valve,Pneumatic valve Apu Bleed Valve
M236,ATA 36 - Pneumatic,Pack valves,Pack 1 Flow Control Valve,True,ATA 36 - Pneumatic → Pack valves → Pack 1 Flow Control Valve,Pack valves Pack 1 Flow Control Valve
M237,ATA 36 - Pneumatic,Pack valves,Pack 2 Flow Control Valve,True,ATA 36 - Pneumatic → Pack valves → Pack 2 Flow Control Valve,Pack valves Pack 2 Flow Control Valve
M238,ATA 36 - Pneumatic,Bleed leak,Wing Engine 1,True,ATA 36 - Pneumatic → Bleed leak → Wing Engine 1,Bleed leak Wing Engine 1
M239,ATA 36 - Pneumatic,Bleed leak,Wing Engine 2,True,ATA 36 - Pneumatic → Bleed leak → Wing Engine 2,Bleed leak Wing Engine 2
M240,ATA 36 - Pneumatic,Bleed leak,Pylon Engine 1,True,ATA 36 - Pneumatic → Bleed leak → Pylon Engine 1,Bleed leak Pylon Engine 1
M241,ATA 36 - Pneumatic,Bleed leak,Pylon Engine 2,True,ATA 36 - Pneumatic → Bleed leak → Pylon Engine 2,Bleed leak Pylon Engine 2
M242,ATA 36 - Pneumatic,Bleed leak,Apu,True,ATA 36 - Pneumatic → Bleed leak → Apu,Bleed leak Apu
M243,ATA 49 - APU,,ECB,True,ATA 49 - APU → ECB,ECB
M244,ATA 49 - APU,,APU Low oil level,True,ATA 49 - APU → APU Low oil level,APU Low oil level
M245,ATA 49 - APU,,APU fuel valve,True,ATA 49 - APU → APU fuel valve,APU fuel valve
M246,ATA 23 - Communications,Stuck mic,Capt,True,ATA 23 - Communications → Stuck mic → Capt,Stuck mic Capt
M247,ATA 23 - Communications,Stuck mic,F/o,True,ATA 23 - Communications → Stuck mic → F/o,Stuck mic F/o
M248,ATA 30 - Ice and rain protection,WAI Valves,Left Wai Valve,True,ATA 30 - Ice and rain protection → WAI Valves → Left Wai Valve,WAI Valves Left Wai Valve
M249,ATA 30 - Ice and rain protection,WAI Valves,Right Wai Valve,True,ATA 30 - Ice and rain protection → WAI Valves → Right Wai Valve,WAI Valves Right Wai Valve
M250,ATA 30 - Ice and rain protection,EAI Valves,Eng 1 Eai Valve,True,ATA 30 - Ice and rain protection → EAI Valves → Eng 1 Eai Valve,EAI Valves Eng 1 Eai Valve
M251,ATA 30 - Ice and rain protection,EAI Valves,Eng 2 Eai Valve,True,ATA 30 - Ice and rain protection → EAI Valves → Eng 2 Eai Valve,EAI Valves Eng 2 Eai Valve
M252,ATA 30 - Ice and rain protection,WHC,1,True,ATA 30 - Ice and rain protection → WHC → 1,WHC 1
M253,ATA 30 - Ice and rain protection,WHC,2,True,ATA 30 - Ice and rain protection → WHC → 2,WHC 2
M254,ATA 30 - Ice and rain protection,AOA Heat,Capt,True,ATA 30 - Ice and rain protection → AOA Heat → Capt,AOA Heat Capt
M255,ATA 30 - Ice and rain protection,AOA Heat,F/o,True,ATA 30 - Ice and rain protection → AOA Heat → F/o,AOA Heat F/o
M256,ATA 30 - Ice and rain protection,AOA Heat,Stby,True,ATA 30 - Ice and rain protection → AOA Heat → Stby,AOA Heat Stby
M257,ATA 30 - Ice and rain protection,TAT Heat,Capt,True,ATA 30 - Ice and rain protection → TAT Heat → Capt,TAT Heat Capt
M258,ATA 30 - Ice and rain protection,TAT Heat,F/o,True,ATA 30 - Ice and rain protection → TAT Heat → F/o,TAT Heat F/o
M259,ATA 30 - Ice and rain protection,TAT Heat,Stby,True,ATA 30 - Ice and rain protection → TAT Heat → Stby,TAT Heat Stby
M260,ATA 30 - Ice and rain protection,Pitot Heat,Capt,True,ATA 30 - Ice and rain protection → Pitot Heat → Capt,Pitot Heat Capt
M261,ATA 30 - Ice and rain protection,Pitot Heat,F/o,True,ATA 30 - Ice and rain protection → Pitot Heat → F/o,Pitot Heat F/o
M262,ATA 30 - Ice and rain protection,Pitot Heat,Stby,True,ATA 30 - Ice and rain protection → Pitot Heat → Stby,Pitot Heat Stby
M263,ATA 30 - Ice and rain protection,Static Heat,Left  Capt,True,ATA 30 - Ice and rain protection → Static Heat → Left  Capt,Static Heat Left  Capt
M264,ATA 30 - Ice and rain protection,Static Heat,Right  Capt,True,ATA 30 - Ice and rain protection → Static Heat → Right  Capt,Static Heat Right  Capt
M265,ATA 30 - Ice and rain protection,Static Heat,Left  F/o,True,ATA 30 - Ice and rain protection → Static Heat → Left  F/o,Static Heat Left  F/o
M266,ATA 30 - Ice and rain protection,Static Heat,Right  F/o,True,ATA 30 - Ice and rain protection → Static Heat → Right  F/o,Static Heat Right  F/o
M267,ATA 30 - Ice and rain protection,Static Heat,Left  Stby,True,ATA 30 - Ice and rain protection → Static Heat → Left  Stby,Static Heat Left  Stby
M268,ATA 30 - Ice and rain protection,Static Heat,Right  Stby,True,ATA 30 - Ice and rain protection → Static Heat → Right  Stby,Static Heat Right  Stby
M269,ATA 30 - Ice and rain protection,PHC,1,True,ATA 30 - Ice and rain protection → PHC → 1,PHC 1
M270,ATA 30 - Ice and rain protection,PHC,2,True,ATA 30 - Ice and rain protection → PHC → 2,PHC 2
M271,ATA 30 - Ice and rain protection,PHC,3,True,ATA 30 - Ice and rain protection → PHC → 3,PHC 3
M272,ATA 30 - Ice and rain protection,Icing,Eng 1,True,ATA 30 - Ice and rain protection → Icing → Eng 1,Icing Eng 1
M273,ATA 30 - Ice and rain protection,Icing,Eng 2,True,ATA 30 - Ice and rain protection → Icing → Eng 2,Icing Eng 2
M274,ATA 27 - Flight controls,IPPU,1,True,ATA 27 - Flight controls → IPPU → 1,IPPU 1
M275,ATA 27 - Flight controls,IPPU,2,True,ATA 27 - Flight controls → IPPU → 2,IPPU 2
M276,ATA 27 - Flight controls,Surface lock,Flap Locked,True,ATA 27 - Flight controls → Surface lock → Flap Locked,Surface lock Flap Locked
M277,ATA 27 - Flight controls,Surface lock,Slat Locked,True,ATA 27 - Flight controls → Surface lock → Slat Locked,Surface lock Slat Locked
M278,ATA 27 - Flight controls,,Alignment fault,True,ATA 27 - Flight controls → Alignment fault,Alignment fault
M279,ATA 27 - Flight controls,SFCC,1,True,ATA 27 - Flight controls → SFCC → 1,SFCC 1
M280,ATA 27 - Flight controls,SFCC,2,True,ATA 27 - Flight controls → SFCC → 2,SFCC 2
M281,ATA 27 - Flight controls,Flap,Sfcc 1  Sys,True,ATA 27 - Flight controls → Flap → Sfcc 1  Sys,Flap Sfcc 1  Sys
M282,ATA 27 - Flight controls,Flap,Sfcc 2  Sys,True,ATA 27 - Flight controls → Flap → Sfcc 2  Sys,Flap Sfcc 2  Sys
M283,ATA 27 - Flight controls,Slat,Sfcc 1  Sys,True,ATA 27 - Flight controls → Slat → Sfcc 1  Sys,Slat Sfcc 1  Sys
M284,ATA 27 - Flight controls,Slat,Sfcc 2  Sys,True,ATA 27 - Flight controls → Slat → Sfcc 2  Sys,Slat Sfcc 2  Sys
M285,ATA 27 - Flight controls,Nonresettable fault,Elac 1,True,ATA 27 - Flight controls → Nonresettable fault → Elac 1,Nonresettable fault Elac 1
M286,ATA 27 - Flight controls,Nonresettable fault,Elac 2,True,ATA 27 - Flight controls → Nonresettable fault → Elac 2,Nonresettable fault Elac 2
M287,ATA 27 - Flight controls,Nonresettable fault,Sec 1,True,ATA 27 - Flight controls → Nonresettable fault → Sec 1,Nonresettable fault Sec 1
M288,ATA 27 - Flight controls,Nonresettable fault,Sec 2,True,ATA 27 - Flight controls → Nonresettable fault → Sec 2,Nonresettable fault Sec 2
M289,ATA 27 - Flight controls,Nonresettable fault,Sec 3,True,ATA 27 - Flight controls → Nonresettable fault → Sec 3,Nonresettable fault Sec 3
M290,ATA 27 - Flight controls,Resettable fault,Elac 1,True,ATA 27 - Flight controls → Resettable fault → Elac 1,Resettable fault Elac 1
M291,ATA 27 - Flight controls,Resettable fault,Elac 2,True,ATA 27 - Flight controls → Resettable fault → Elac 2,Resettable fault Elac 2
M292,ATA 27 - Flight controls,Resettable fault,Sec 1,True,ATA 27 - Flight controls → Resettable fault → Sec 1,Resettable fault Sec 1
M293,ATA 27 - Flight controls,Resettable fault,Sec 2,True,ATA 27 - Flight controls → Resettable fault → Sec 2,Resettable fault Sec 2
M294,ATA 27 - Flight controls,Resettable fault,Sec 3,True,ATA 27 - Flight controls → Resettable fault → Sec 3,Resettable fault Sec 3
M295,ATA 27 - Flight controls,Yaw damper,Channel 1,True,ATA 27 - Flight controls → Yaw damper → Channel 1,Yaw damper Channel 1
M296,ATA 27 - Flight controls,Yaw damper,Channel 2,True,ATA 27 - Flight controls → Yaw damper → Channel 2,Yaw damper Channel 2
M297,ATA 27 - Flight controls,Sidestick reversal,Pitch Capt,True,ATA 27 - Flight controls → Sidestick reversal → Pitch Capt,Sidestick reversal Pitch Capt
M298,ATA 27 - Flight controls,Sidestick reversal,Roll Capt,True,ATA 27 - Flight controls → Sidestick reversal → Roll Capt,Sidestick reversal Roll Capt
M299,ATA 27 - Flight controls,Sidestick reversal,Pitch F/o,True,ATA 27 - Flight controls → Sidestick reversal → Pitch F/o,Sidestick reversal Pitch F/o
M300,ATA 27 - Flight controls,Sidestick reversal,Roll F/o,True,ATA 27 - Flight controls → Sidestick reversal → Roll F/o,Sidestick reversal Roll F/o
M301,ATA 27 - Flight controls,Sidestick,Fault Capt,True,ATA 27 - Flight controls → Sidestick → Fault Capt,Sidestick Fault Capt
M302,ATA 27 - Flight controls,Sidestick,Fault F/o,True,ATA 27 - Flight controls → Sidestick → Fault F/o,Sidestick Fault F/o
M303,ATA 27 - Flight controls,FCDC,1,True,ATA 27 - Flight controls → FCDC → 1,FCDC 1
M304,ATA 27 - Flight controls,FCDC,2,True,ATA 27 - Flight controls → FCDC → 2,FCDC 2
M305,ATA 27 - Flight controls,,Stabilizer jam,True,ATA 27 - Flight controls → Stabilizer jam,Stabilizer jam
M306,ATA 27 - Flight controls,Elev,L+r Failure,True,ATA 27 - Flight controls → Elev → L+r Failure,Elev L+r Failure
M307,ATA 27 - Flight controls,Elev,L  Failure,True,ATA 27 - Flight controls → Elev → L  Failure,Elev L  Failure
M308,ATA 27 - Flight controls,Elev,R  Failure,True,ATA 27 - Flight controls → Elev → R  Failure,Elev R  Failure
M309,ATA 80 - Start faults,Start valve,Left,True,ATA 80 - Start faults → Start valve → Left,Start valve Left
M310,ATA 80 - Start faults,Start valve,Right,True,ATA 80 - Start faults → Start valve → Right,Start valve Right
M311,ATA 80 - Start faults,Hot start,Eng 1,True,ATA 80 - Start faults → Hot start → Eng 1,Hot start Eng 1
M312,ATA 80 - Start faults,Hot start,Eng 2,True,ATA 80 - Start faults → Hot start → Eng 2,Hot start Eng 2
M313,ATA 80 - Start faults,Stall/Hung start,Eng 1 Hung Start,True,ATA 80 - Start faults → Stall/Hung start → Eng 1 Hung Start,Stall/Hung start Eng 1 Hung Start
M314,ATA 80 - Start faults,Stall/Hung start,Eng 2 Hung Start,True,ATA 80 - Start faults → Stall/Hung start → Eng 2 Hung Start,Stall/Hung start Eng 2 Hung Start
M315,ATA 80 - Start faults,No ignition,Eng 1,True,ATA 80 - Start faults → No ignition → Eng 1,No ignition Eng 1
M316,ATA 80 - Start faults,No ignition,Eng 2,True,ATA 80 - Start faults → No ignition → Eng 2,No ignition Eng 2
M317,ATA 31 - Indicating/Recording system,,CFDIU,True,ATA 31 - Indicating/Recording system → CFDIU,CFDIU
M318,ATA 31 - Indicating/Recording system,,ECP,True,ATA 31 - Indicating/Recording system → ECP,ECP
M319,ATA 31 - Indicating/Recording system,SDAC,1,True,ATA 31 - Indicating/Recording system → SDAC → 1,SDAC 1
M320,ATA 31 - Indicating/Recording system,SDAC,2,True,ATA 31 - Indicating/Recording system → SDAC → 2,SDAC 2
M321,ATA 31 - Indicating/Recording system,FWC,1,True,ATA 31 - Indicating/Recording system → FWC → 1,FWC 1
M322,ATA 31 - Indicating/Recording system,FWC,2,True,ATA 31 - Indicating/Recording system → FWC → 2,FWC 2
M323,ATA 31 - Indicating/Recording system,,CVR,True,ATA 31 - Indicating/Recording system → CVR,CVR
M324,ATA 31 - Indicating/Recording system,DMC,1,True,ATA 31 - Indicating/Recording system → DMC → 1,DMC 1
M325,ATA 31 - Indicating/Recording system,DMC,2,True,ATA 31 - Indicating/Recording system → DMC → 2,DMC 2
M326,ATA 31 - Indicating/Recording system,DMC,3,True,ATA 31 - Indicating/Recording system → DMC → 3,DMC 3
M327,ATA 31 - Indicating/Recording system,DCDU,Capt,True,ATA 31 - Indicating/Recording system → DCDU → Capt,DCDU Capt
M328,ATA 31 - Indicating/Recording system,DCDU,Fo,True,ATA 31 - Indicating/Recording system → DCDU → Fo,DCDU Fo
M329,ATA 31 - Indicating/Recording system,DU,Capt Pfd,True,ATA 31 - Indicating/Recording system → DU → Capt Pfd,DU Capt Pfd
M330,ATA 31 - Indicating/Recording system,DU,Capt Nd,True,ATA 31 - Indicating/Recording system → DU → Capt Nd,DU Capt Nd
M331,ATA 31 - Indicating/Recording system,DU,F/o Nd,True,ATA 31 - Indicating/Recording system → DU → F/o Nd,DU F/o Nd
M332,ATA 31 - Indicating/Recording system,DU,F/o Pfd,True,ATA 31 - Indicating/Recording system → DU → F/o Pfd,DU F/o Pfd
M333,ATA 31 - Indicating/Recording system,DU,Ecam Upper,True,ATA 31 - Indicating/Recording system → DU → Ecam Upper,DU Ecam Upper
M334,ATA 31 - Indicating/Recording system,DU,Ecam Lower,True,ATA 31 - Indicating/Recording system → DU → Ecam Lower,DU Ecam Lower
M335,ATA 35 - Oxygen,Crew oxygen 1,Crew Oxygen Pressure < 400,True,ATA 35 - Oxygen → Crew oxygen 1 → Crew Oxygen Pressure < 400,Crew oxygen 1 Crew Oxygen Pressure < 400
M336,ATA 35 - Oxygen,Crew oxygen 1,Crew Oxygen Pressure < 800,True,ATA 35 - Oxygen → Crew oxygen 1 → Crew Oxygen Pressure < 800,Crew oxygen 1 Crew Oxygen Pressure < 800
M337,ATA 35 - Oxygen,Crew oxygen 2,Pressure < 400,True,ATA 35 - Oxygen → Crew oxygen 2 → Pressure < 400,Crew oxygen 2 Pressure < 400
M338,ATA 35 - Oxygen,Crew oxygen 2,Pressure < 800,True,ATA 35 - Oxygen → Crew oxygen 2 → Pressure < 800,Crew oxygen 2 Pressure < 800
M339,ATA 35 - Oxygen,Crew oxygen,Oxygen Supply Valve,True,ATA 35 - Oxygen → Crew oxygen → Oxygen Supply Valve,Crew oxygen Oxygen Supply Valve
M340,ATA 35 - Oxygen,Crew oxygen,Oxygen Supply Valve 2,True,ATA 35 - Oxygen → Crew oxygen → Oxygen Supply Valve 2,Crew oxygen Oxygen Supply Valve 2
M341,ATA 46 - Information systems,,ATSU,True,ATA 46 - Information systems → ATSU,ATSU
M342,ATA 52 - Doors,Doors left,Forward Avionics Door,True,ATA 52 - Doors → Doors left → Forward Avionics Door,Doors left Forward Avionics Door
M343,ATA 52 - Doors,Doors left,Left Avionics Door,True,ATA 52 - Doors → Doors left → Left Avionics Door,Doors left Left Avionics Door
M344,ATA 52 - Doors,Doors left,Right Avionics Door,True,ATA 52 - Doors → Doors left → Right Avionics Door,Doors left Right Avionics Door
M345,ATA 52 - Doors,Doors left,Forward Entry Left Door,True,ATA 52 - Doors → Doors left → Forward Entry Left Door,Doors left Forward Entry Left Door
M346,ATA 52 - Doors,Doors left,Left Wing 1 Door,True,ATA 52 - Doors → Doors left → Left Wing 1 Door,Doors left Left Wing 1 Door
M347,ATA 52 - Doors,Doors left,Left Wing 2 Door,True,ATA 52 - Doors → Doors left → Left Wing 2 Door,Doors left Left Wing 2 Door
M348,ATA 52 - Doors,Doors left,Aft Entry Left Door,True,ATA 52 - Doors → Doors left → Aft Entry Left Door,Doors left Aft Entry Left Door
M349,ATA 52 - Doors,Doors right,Forward Entry Right Door,True,ATA 52 - Doors → Doors right → Forward Entry Right Door,Doors right Forward Entry Right Door
M350,ATA 52 - Doors,Doors right,Aft Avionics Door,True,ATA 52 - Doors → Doors right → Aft Avionics Door,Doors right Aft Avionics Door
M351,ATA 52 - Doors,Doors right,Forward Cargo Door,True,ATA 52 - Doors → Doors right → Forward Cargo Door,Doors right Forward Cargo Door
M352,ATA 52 - Doors,Doors right,Right Wing 1 Door,True,ATA 52 - Doors → Doors right → Right Wing 1 Door,Doors right Right Wing 1 Door
M353,ATA 52 - Doors,Doors right,Right Wing 2 Door,True,ATA 52 - Doors → Doors right → Right Wing 2 Door,Doors right Right Wing 2 Door
M354,ATA 52 - Doors,Doors right,Aft Cargo Door,True,ATA 52 - Doors → Doors right → Aft Cargo Door,Doors right Aft Cargo Door
M355,ATA 52 - Doors,Doors right,Bulk Door,True,ATA 52 - Doors → Doors right → Bulk Door,Doors right Bulk Door
M356,ATA 52 - Doors,Doors right,Aft Entry Right Door,True,ATA 52 - Doors → Doors right → Aft Entry Right Door,Doors right Aft Entry Right Door
M357,ATA 70 - Power plant,Fadec,Left Channel A,True,ATA 70 - Power plant → Fadec → Left Channel A,Fadec Left Channel A
M358,ATA 70 - Power plant,Fadec,Left Channel B,True,ATA 70 - Power plant → Fadec → Left Channel B,Fadec Left Channel B
M359,ATA 70 - Power plant,Fadec,Right Channel A,True,ATA 70 - Power plant → Fadec → Right Channel A,Fadec Right Channel A
M360,ATA 70 - Power plant,Fadec,Right Channel B,True,ATA 70 - Power plant → Fadec → Right Channel B,Fadec Right Channel B
M361,ATA 70 - Power plant,EIU,1,True,ATA 70 - Power plant → EIU → 1,EIU 1
M362,ATA 70 - Power plant,EIU,2,True,ATA 70 - Power plant → EIU → 2,EIU 2
M363,ATA 70 - Power plant,Engine surge,Left Surge,True,ATA 70 - Power plant → Engine surge → Left Surge,Engine surge Left Surge
M364,ATA 70 - Power plant,Engine surge,Right Surge,True,ATA 70 - Power plant → Engine surge → Right Surge,Engine surge Right Surge
M365,ATA 70 - Power plant,Engine failure,Eng 1 Failure,True,ATA 70 - Power plant → Engine failure → Eng 1 Failure,Engine failure Eng 1 Failure
M366,ATA 70 - Power plant,Engine failure,Eng 2 Failure,True,ATA 70 - Power plant → Engine failure → Eng 2 Failure,Engine failure Eng 2 Failure
M367,ATA 70 - Power plant,Engine failure with damage,Eng 1 Failure With Damage,True,ATA 70 - Power plant → Engine failure with damage → Eng 1 Failure With Damage,Engine failure with damage Eng 1 Failure With Damage
M368,ATA 70 - Power plant,Engine failure with damage,Eng 2 Failure With Damage,True,ATA 70 - Power plant → Engine failure with damage → Eng 2 Failure With Damage,Engine failure with damage Eng 2 Failure With Damage
M369,ATA 70 - Power plant,Engine birdstrike,Left Bird Strike,True,ATA 70 - Power plant → Engine birdstrike → Left Bird Strike,Engine birdstrike Left Bird Strike
M370,ATA 70 - Power plant,Engine birdstrike,Right Bird Strike,True,ATA 70 - Power plant → Engine birdstrike → Right Bird Strike,Engine birdstrike Right Bird Strike
M371,ATA 70 - Power plant,Reverser pressurized,Left,True,ATA 70 - Power plant → Reverser pressurized → Left,Reverser pressurized Left
M372,ATA 70 - Power plant,Reverser pressurized,Right,True,ATA 70 - Power plant → Reverser pressurized → Right,Reverser pressurized Right
M373,ATA 70 - Power plant,Reverser unlocked,Left,True,ATA 70 - Power plant → Reverser unlocked → Left,Reverser unlocked Left
M374,ATA 70 - Power plant,Reverser unlocked,Right,True,ATA 70 - Power plant → Reverser unlocked → Right,Reverser unlocked Right
M375,ATA 70 - Power plant,Reverser inhibited by maintenance,Left Reverser Inhibited By Maint,True,ATA 70 - Power plant → Reverser inhibited by maintenance → Left Reverser Inhibited By Maint,Reverser inhibited by maintenance Left Reverser Inhibited By Maint
M376,ATA 70 - Power plant,Reverser inhibited by maintenance,Right Reverser Inhibited By Maint,True,ATA 70 - Power plant → Reverser inhibited by maintenance → Right Reverser Inhibited By Maint,Reverser inhibited by maintenance Right Reverser Inhibited By Maint
M377,ATA 70 - Power plant,vibration N1,Eng 1 High,True,ATA 70 - Power plant → vibration N1 → Eng 1 High,vibration N1 Eng 1 High
M378,ATA 70 - Power plant,vibration N1,Eng 2 High,True,ATA 70 - Power plant → vibration N1 → Eng 2 High,vibration N1 Eng 2 High
M379,ATA 70 - Power plant,vibration N2,Eng 1 High,True,ATA 70 - Power plant → vibration N2 → Eng 1 High,vibration N2 Eng 1 High
M380,ATA 70 - Power plant,vibration N2,Eng 2 High,True,ATA 70 - Power plant → vibration N2 → Eng 2 High,vibration N2 Eng 2 High
M381,ATA 70 - Power plant,Oil leak,Left,True,ATA 70 - Power plant → Oil leak → Left,Oil leak Left
M382,ATA 70 - Power plant,Oil leak,Right,True,ATA 70 - Power plant → Oil leak → Right,Oil leak Right
M383,ATA 70 - Power plant,Reverser shutoff valve,Left,True,ATA 70 - Power plant → Reverser shutoff valve → Left,Reverser shutoff valve Left
M384,ATA 70 - Power plant,Reverser shutoff valve,Right,True,ATA 70 - Power plant → Reverser shutoff valve → Right,Reverser shutoff valve Right
