assessment_id,mmel_id,branch,mmel_title,status,models,engines,fenix_names,printed_pages,pdf_pages,note,fenix_evidence,tested_in_sim,approved_for_generation
F001,21-21-01,one cabin fan,Cabin Fans,U,A319/A320/A321 CEO,CFM56 / IAE V2500,Recirculation fans,21-2,29,"MMEL допускает один из двух; старое имя во множественном числе не устанавливает, один или оба вентилятора выключает Fenix.",ALPHA_2021,False,False
F002,21-23-01,1) / 2),Lavatory and Galley Extraction Fan,K,A319/A320/A321 CEO,CFM56 / IAE V2500,Lavatory/Galley fan,21-2,29,"Совпадает компонент; выбрать ветвь Mod.22561, проверить последствия для smoke detection.",ALPHA_2021,False,False
F003,21-26-01,Blower Fan,Blower Fan,K,A319/A320/A321 CEO,CFM56 / IAE V2500,Ventilation blower fault,21-3,30,Не объединять с Extract fan или Pack: MMEL требует их исправности.,ALPHA_2021,False,False
F004,21-26-02,Extract Fan,Extract Fan,K,A319/A320/A321 CEO,CFM56 / IAE V2500,Ventilation extract fault,21-4; 21-5,31; 32,Не объединять с Blower fan или Pack; существуют ограничения температуры и времени на земле.,ALPHA_2021,False,False
F005,21-26-04,Skin Air Outlet Valve,Skin Air Outlet Valve,U,A319/A320/A321 CEO,CFM56 / IAE V2500,Vent extract valve,21-5,32,Уточнить тождество клапана и его положение. Не путать с отказом вытяжного вентилятора.,ALPHA_2021,False,False
F006,21-26-05,Skin Air Inlet Valve,Skin Air Inlet Valve,U,A319/A320/A321 CEO,CFM56 / IAE V2500,Vent inlet valve,21-6,33,"Нужно подтвердить положение, требуемое выбранной строкой MMEL.",ALPHA_2021,False,False
F007,21-26-10,AEVC,Avionics Equipment Ventilation Computer (AEVC),K,A319/A320/A321 CEO,CFM56 / IAE V2500,Ventilation AEVC,21-7,34,Совпадает компьютер; отключение компьютера не заменяет проверку вентиляторов и положений клапанов.,ALPHA_2021,False,False
F008,21-28-02,Forward Cargo Isolation Valves,Forward Cargo Isolation Valves,U,A319/A320/A321 CEO,CFM56 / IAE V2500,Cargo fwd isolation valve downstream; Cargo fwd isolation valve upstream,21-9,36,Только если передняя cargo ventilation установлена. Нужны фактические положения клапанов.,ALPHA_2021,False,False
F009,21-28-05,Aft Cargo Isolation Valves,Aft Cargo Isolation Valves,U,A319/A320/A321 CEO,CFM56 / IAE V2500,Cargo aft isolation valve downstream; Cargo aft isolation valve upstream,21-10,37,Учитывать комплектацию cargo ventilation и положение клапана.,ALPHA_2021,False,False
F010,21-31-01,1) System 1,"Automatic Cabin Pressure Control Systems (CPC, Outflow Valve AUTO Channels)",K,A319/A320/A321 CEO,CFM56 / IAE V2500,CPC 1,21-10,37,CPC1 и CPC2 имеют разные сроки/условия. Оба канала FCU и оставшийся CPC должны работать.,ALPHA_2021 + SUPPORT_2026_SCREENSHOT_DATED_2024,False,False
F011,21-31-01,2) System 2,"Automatic Cabin Pressure Control Systems (CPC, Outflow Valve AUTO Channels)",K,A319/A320/A321 CEO,CFM56 / IAE V2500,CPC 2,21-10,37,Проверить ручной режим и индикацию; CPC1 и оба канала FCU должны работать.,ALPHA_2021,False,False
F012,21-31-01,AUTO channels vs stuck outflow,"Automatic Cabin Pressure Control Systems (CPC, Outflow Valve AUTO Channels)",X,A319/A320/A321 CEO,CFM56 / IAE V2500,Outflow valve stuck,21-10,37,Заклинивание клапана не равно отказу автоматического канала CPC: может затронуть и ручное управление.,ALPHA_2021,False,False
F013,21-51-01,without Mod.30626,Pack Flow Control Valves (Without Mod. 30626/ MP K6443 (Enhanced ECS)),U,A319/A320/A321 CEO,CFM56 / IAE V2500,Pack 1 flow control valve; Pack 2 flow control valve,21-13,40,Для обычной однопаковой ветви клапан должен быть закрыт; Fenix фиксирует текущее положение. Также применить 21-52-01.,ALPHA_2021,False,False
F014,21-52-01,"single pack, exact configuration pending",Packs,U,A319/A320/A321 CEO,CFM56 / IAE V2500,Pack 1 regulator fault; Pack 2 regulator fault,21-14; 21-15; 21-16; 21-17; 21-18; 21-19; 21-20; 21-21; 21-22; 21-23,41; 42; 43; 44; 45; 46; 47; 48; 49; 50,"Кандидат на неработающий pack, но отказ регулятора может оставлять резервное управление. Проверить реальный результат и ветвь ECS/модели.",ALPHA_2021,False,False
F015,21-52-01,pack failure vs indication sensor,Packs,U,A319/A320/A321 CEO,CFM56 / IAE V2500,Pack 1 overheat; Pack 2 overheat,21-14; 21-15; 21-16; 21-17; 21-18; 21-19; 21-20; 21-21; 21-22; 21-23,41; 42; 43; 44; 45; 46; 47; 48; 49; 50,В alpha описание указывает отказ датчика температуры. Нельзя автоматически считать весь pack неработающим.,ALPHA_2021,False,False
F016,21-55-01,Emergency Ram Air Inlet,Emergency Ram Air Inlet,U,A319/A320/A321 CEO,CFM56 / IAE V2500,Ram air valve,21-24,51,Уточнить клапан и положение; не смешивать с ram-air flaps теплообменника pack.,ALPHA_2021,False,False
F017,21-63-01,"1) Primary / 2) Secondary, without Mod.30626","Zone Controller System (A319, A320, A321) (Without Mod. 30626)",K,A319/A320/A321 CEO,CFM56 / IAE V2500,Zone controller primary; Zone controller secondary,21-25,52,Подпункты имеют разные последствия. Не переносить в enhanced ECS без отдельного подтверждения.,ALPHA_2021,False,False
F018,21-63-03,Hot Air Pressure Regulating Valve,Hot Air Pressure Regulating Valve,U,A319/A320/A321 CEO,CFM56 / IAE V2500,Hot air valve,21-27,54,Сначала установить фактическое положение клапана и работоспособность trim-air; общий Hot air fault недостаточен.,ALPHA_2021,False,False
F019,22-10-01,Autopilot Systems,Autopilot Systems,K,A319/A320/A321 CEO,CFM56 / IAE V2500,AP 1; AP 2,22-1,57,Отказ AP-функции при сохранённом FD. Не заменять отказом всего FMGC; выбрать строку для одного либо двух AP.,ALPHA_2021,False,False
F020,22-30-01,Autothrust Function,Autothrust Function,U,A319/A320/A321 CEO,CFM56 / IAE V2500,A/THR 1; A/THR 2,22-3,59,Отказ A/THR-функции одного FMGC может оставлять общий autothrust работоспособным. Нужно проверить фактическую потерю функции.,ALPHA_2021,False,False
F021,22-63-01,1) System 1 / 2) System 2,Yaw Dampers,K,A319/A320/A321 CEO,CFM56 / IAE V2500,Yaw damper channel 1; Yaw damper channel 2,22-4,60,Раздельные ветви; второй демпфер должен работать.,ALPHA_2021,False,False
F022,22-66-01,"1) FAC 2, without eRudder",Flight Augmentation Computers (FAC),K,A319/A320/A321 CEO,CFM56 / IAE V2500,FAC 2,22-4,60,"Разрешение относится именно к FAC2, при исправности перечисленных систем управления и навигации.",ALPHA_2021,False,False
F023,22-66-01,FAC 1 is not the permitted FAC 2,Flight Augmentation Computers (FAC),X,A319/A320/A321 CEO,CFM56 / IAE V2500,FAC 1,22-4,60,"Наличие FAC1 в Fenix не даёт допуска: подпункт FAA указан для FAC2, отдельно описано последствие потери FAC1.",ALPHA_2021,False,False
F024,22-66-03,Reactive windshear branch,Windshear Detection/Guidance and Avoidance Systems,U,A319/A320/A321 CEO,CFM56 / IAE V2500,Reactive W/S det channel 1; Reactive W/S det channel 2,22-5,61,"Отделить reactive от predictive windshear; проверить, какой уровень системы теряется после одного канала.",ALPHA_2021,False,False
F025,22-81-01,"1) one FCU channel, without eRudder",FCU,K,A319/A320/A321 CEO,CFM56 / IAE V2500,FCU Channel 1; FCU Channel 2,22-7,63,"В MMEL требуется исправность CPC, FAC, RA, LGCIU, ADIRS и всех DU; многие пары отказов исключаются.",ALPHA_2021,False,False
F026,22-82-01,MCDU,Multipurpose Control Display Units (MCDU),K,A319/A320/A321 CEO,CFM56 / IAE V2500,MCDU 1; MCDU 2,22-12,68,Проверить количество установленных устройств и оставшиеся способы управления; не использовать recoverable fault как постоянный дефект без проверки.,ALPHA_2021,False,False
F027,22-83-01,1) FMGC1 / 2) FMGC2,Flight Management Guidance Computer (FMGC),K,A319/A320/A321 CEO,CFM56 / IAE V2500,FMGC 1; FMGC 2,22-12; 22-13,68; 69,Потеря AP/FD относится к последствиям того же FMGC. Не считать их дополнительными независимыми отказами.,ALPHA_2021,False,False
F028,23-71-01,CVR system,Cockpit Voice Recorder System (CVR),K,A319/A320/A321 CEO,CFM56 / IAE V2500,CVR,23-17,86,Совпадает компонент; ограничения выбранной строки FAA сохраняются. Подтверждение записи звука в симуляторе отсутствует.,ALPHA_2021,False,False
F029,24-20-01,"one engine generator channel, CEO branch","Engine Driven Generator Channel (IDG, GCU, Line Contactor)",K,A319/A320/A321 CEO,CFM56 / IAE V2500,Generator 1; Generator 2,24-2; 24-3; 24-4; 24-5; 24-6; 24-7; 24-8; 24-9; 24-10; 24-11; 24-12; 24-13,100; 101; 102; 103; 104; 105; 106; 107; 108; 109; 110; 111,Нужна ветвь CEO и проверка резервных источников. Отказ AC BUS не эквивалентен отказу генератора.,ALPHA_2021,False,False
F030,24-20-02,"APU generator, CEO/configuration branch",APU Generator Channel,K,A319/A320/A321 CEO,CFM56 / IAE V2500,APU generator,24-14; 24-15; 24-16; 24-17; 24-18; 24-19,112; 113; 114; 115; 116; 117,Отдельно от общего отказа APU; сверить условия выбранной модификации.,ALPHA_2021,False,False
F031,24-30-01,TR1,Transformer/Rectifier Units (TR),K,A319/A320/A321 CEO,CFM56 / IAE V2500,TR 1,24-21,119,Допуск касается TR1; исправность packs/extract и остальных источников остаётся условием.,ALPHA_2021,False,False
F032,24-30-01,"TR2, without/with Mod.27620",Transformer/Rectifier Units (TR),U,A319/A320/A321 CEO,CFM56 / IAE V2500,TR 2,24-21,119,Обнаружена ошибка заголовка в исходном PDF на 24-22: текст о TR2 стоит под 24-27-09. Не исправлять молча; ветвь с ISIS требует уточнения.,ALPHA_2021,False,False
F033,24-30-01,ESS TR is not TR1/TR2,Transformer/Rectifier Units (TR),X,A319/A320/A321 CEO,CFM56 / IAE V2500,ESS TR failure,24-21,119,Разрешения прочитанного пункта относятся к TR1/TR2; перенос на ESS TR не подтверждён.,ALPHA_2021,False,False
F034,26-12-01,1) Loop A / 2) Loop B,Engine Fire Detection Systems,K,A319/A320/A321 CEO,CFM56 / IAE V2500,Eng 1 Loop A; Eng 1 Loop B; Eng 2 Loop A; Eng 2 Loop B,26-2,156,Один loop на двигатель при исправном другом. Реальный пожар или отказ всего FDU — другие состояния.,ALPHA_2021,False,False
F035,26-13-01,1) APU loops,APU Fire Detection System,K,A319/A320/A321 CEO,CFM56 / IAE V2500,APU Loop A; APU Loop B,26-2; 26-3,156; 157,Loop A/B имеют разные условия наземного наблюдения. Отказ обоих относится к другим строкам с неиспользуемым APU.,ALPHA_2021,False,False
F036,26-17-02,"SDCU, installed standard",Smoke Detection Control Unit (SDCU) (A319/A320/A321) (Without Mod. 30354 or without Mod. 33100),U,A319/A320/A321 CEO,CFM56 / IAE V2500,SDCU,26-7,161,Проверить CIDS/SDCU стандарт и охват потерянных каналов; не отождествлять с фактическим дымом.,ALPHA_2021,False,False
F037,27-22-01,Rudder Trim Systems,Rudder Trim Systems,K,A319/A320/A321 CEO,CFM56 / IAE V2500,Rudder trim channel 1; Rudder trim channel 2,27-6,178,Выбирать конкретный канал и проверять оставшееся управление.,ALPHA_2021,False,False
F038,27-23-01,"one system, without eRudder",Rudder Travel Limiter Systems (Aircraft without Mod 163323/ MP P20703 (eRudder)),K,A319/A320/A321 CEO,CFM56 / IAE V2500,Rudder travel limiter channel 1; Rudder travel limiter channel 2,27-6,178,MMEL допускает один из двух. В руководстве Fenix 2025 есть снимок активированного канала1.,ALPHA_2021 + LOCAL_GUIDE_2025_P21,False,False
F039,27-51-01,1)a) SFCC2 flap / 2)a) SFCC2 slat,Slat/Flap Control Computer (SFCC),K,A319/A320/A321 CEO,CFM56 / IAE V2500,SFCC 2 flap sys; SFCC 2 slat sys,27-8; 27-9; 27-10,180; 181; 182,Для CEO документ называет канал SFCC2. Не переносить на SFCC1 или целиком SFCC2; условия испытаний WTB сохраняются.,ALPHA_2021,False,False
F040,27-51-01,SFCC1/full computer vs permitted channel,Slat/Flap Control Computer (SFCC),X,A319/A320/A321 CEO,CFM56 / IAE V2500,SFCC 1; SFCC 2,27-8; 27-9; 27-10,180; 181; 182,Общий отказ компьютера шире отдельного разрешённого канала. Нельзя автоматически применить один подпункт.,ALPHA_2021,False,False
F041,27-93-01,1) / 2) ELAC1,Elevator Aileron Computers (ELAC),K,A319/A320/A321 CEO,CFM56 / IAE V2500,ELAC 1,27-22; 27-23,194; 195,ELAC1; ветвь зависит от модели/модификаций. ELAC2 и остальные перечисленные системы должны работать.,ALPHA_2021,False,False
F042,27-93-01,ELAC2 vs permitted ELAC1,Elevator Aileron Computers (ELAC),X,A319/A320/A321 CEO,CFM56 / IAE V2500,ELAC 2,27-22; 27-23,194; 195,Прочитанные разрешения относятся к ELAC1 либо его функции; симметрия по номеру недопустима.,ALPHA_2021,False,False
F043,27-94-01,1) SEC1 / 2) SEC2 / 3) SEC3,Spoiler Elevator Computers (SEC),K,A319/A320/A321 CEO,CFM56 / IAE V2500,SEC 1; SEC 2; SEC 3,27-25; 27-26; 27-27; 27-28; 27-29; 27-30; 27-31; 27-32; 27-33; 27-34; 27-35,197; 198; 199; 200; 201; 202; 203; 204; 205; 206; 207,Нужны разные записи по SEC и комплектации. Для A320 Sharklets выделены отдельные подпункты; применяются требования к характеристикам AFM.,ALPHA_2021,False,False
F044,27-95-01,FCDC2 only,Flight Control Data Concentrators,K,A319/A320/A321 CEO,CFM56 / IAE V2500,FCDC 2,27-37,209,FAA разрешает FCDC2. Ветвь зависит от Mod.35542/steep approach; не смешивать с ELAC/SEC.,ALPHA_2021,False,False
F045,27-95-01,FCDC1 not covered by FCDC2 relief,Flight Control Data Concentrators,X,A319/A320/A321 CEO,CFM56 / IAE V2500,FCDC 1,27-37,209,Нельзя переносить разрешение FCDC2 на FCDC1.,ALPHA_2021,False,False
F046,28-15-01,1)a) LH / 1)b) RH,Outer to Inner TK Transfer Valves,U,A319/A320 CEO; A321 исключён,CFM56 / IAE V2500,Left transfer 1; Left transfer 2; Right transfer 1; Right transfer 2,28-4; 28-5,213; 214,Только outer-to-inner transfer: состояние открыто/закрыто определяет строку; не относится к A321.,ALPHA_2021,False,False
F047,28-21-01,Wing Tank Pumps,Wing Tank Pumps (Aircraft Fitted with Mod. 36387/MP J2487 or Aircraft Not Specified in Service Bulletin A320-28-1102),K,A319/A320/A321 CEO,CFM56 / IAE V2500,Fuel pump left 1; Fuel pump left 2; Fuel pump right 1; Fuel pump right 2,28-6; 28-7,215; 216,Уточнить Mod.36387/SB и число исправных насосов. Не отождествлять с утечкой бака.,ALPHA_2021,False,False
F048,28-21-02,"1)a) electric center pumps, no ACT",Center Tank Systems,U,A319/A320 CEO без transfer jet-pumps и без ACT,CFM56 / IAE V2500,Fuel pump center 1; Fuel pump center 2,28-7; 28-8; 28-9; 28-10,216; 217; 218; 219,"Только A319/A320 без Mod.154327. Для A321 требуются ветви transfer valves, а не этот отказ.",ALPHA_2021,False,False
F049,28-21-02,2)b) / 2)c) transfer valves,Center Tank Systems,U,A321 CEO; A319/A320 с Mod.154327,CFM56 / IAE V2500,,28-7; 28-8; 28-9; 28-10,216; 217; 218; 219,"В MMEL применимо к A321 и соответствующим A319/A320, но актуальное имя отдельного отказа Fenix не получено.",FAA_ONLY,False,False
F050,28-23-02,pushbutton lights vs crossfeed valve,CROSSFEED pb Switch,X,A319/A320/A321 CEO,CFM56 / IAE V2500,Crossfeed valve,28-14,223,В FAA 28-23-02 относится к кнопке/лампам. Заклинивание crossfeed нельзя подменять неисправностью его индикации.,ALPHA_2021,False,False
F051,28-40-02,1) one FQI channel,Fuel Quantity Indicating Computer System,K,A319/A320/A321 CEO,CFM56 / IAE V2500,FQI Chan 1; FQI Chan 2,28-30; 28-31,239; 240,Сверить модификацию и ACT; отказ канала отличается от отдельной ошибки индикации количества.,ALPHA_2021,False,False
F052,29-10-01,depressurization vs failed engine pump,Engine Driven Pump Depressurization Function,X,A319/A320/A321 CEO,CFM56 / IAE V2500,Eng 1 pump failure; Eng 2 pump failure,29-1,264,"Разрешение относится к функции разгрузки, а не потере подачи гидронасоса.",ALPHA_2021,False,False
F053,29-10-02,1) automatic control vs total pump failure,Blue System Electric Pump,X,A319/A320/A321 CEO,CFM56 / IAE V2500,Elec hyd pump blue failure,29-1,264,MMEL требует сохранения ручной работы насоса. Полный отказ Blue electric pump этому не соответствует.,ALPHA_2021,False,False
F054,29-23-01,1) automatic activation vs total PTU failure,Power Transfer Unit,X,A319/A320/A321 CEO,CFM56 / IAE V2500,PTU Fault,29-3,266,FAA рассматривает отказ автоматики при непрерывной работе PTU; передача мощности должна сохраняться. Общий PTU Fault не эквивалентен.,ALPHA_2021,False,False
F055,29-25-01,Yellow System Electric Pump,Yellow System Electric Pump,K,A319/A320/A321 CEO,CFM56 / IAE V2500,Elec hyd pump yellow failure,29-3,266,"Прямой кандидат на отказ насоса; кнопка OFF, cargo doors требуют ручного обслуживания по MMEL.",ALPHA_2021,False,False
F056,29-30-03,indication vs hydraulic leak,ECAM HYD Page Indications,X,A319/A320/A321 CEO,CFM56 / IAE V2500,Green hydraulic leak; Blue hydraulic leak; Yellow hydraulic leak,29-4; 29-5,267; 268,Пункт об индикации HYD не разрешает реальную потерю жидкости. Наличие утечки в Fenix подтверждено также руководством 2025.,ALPHA_2021,False,False
F057,30-11-01,wing anti-ice valve,Wing Anti-Ice Control Valves,U,A319/A320/A321 CEO,CFM56 / IAE V2500,Left WAI Valve; Right WAI Valve,30-1; 30-2; 30-3,271; 272; 273,Разрешённые позиции и условия различны; stuck in current position нужно перевести в проверенный конкретный сценарий.,ALPHA_2021,False,False
F058,30-21-01,"CEO valve, CFM/IAE rows",Engine Anti-Ice Valves (A318/A319ceo/ A320ceo/A321ceo) (A318/A319ceo/ A320ceo/A321ceo with CFM or PW6000 engines) (A319ceo/A320ceo/ A321ceo with IAE engines) (A319neo/A320neo/ A321neo) (A319neo/A320neo/ A321neo) (A319neo/A320neo/ A321neo with CFM LEAP1-A Engines),U,A319/A320/A321 CEO,CFM56 / IAE V2500,Eng 1 EAI Valve; Eng 2 EAI Valve,30-5,275,Сначала определить открыто/закрыто. Ветка IAE при открытом клапане имеет дополнительное условие OAT; neo-ветви исключены.,ALPHA_2021,False,False
F059,30-31-01,2) F/O or STBY loss of heating,Probe Heat Computers,U,A319/A320/A321 CEO,CFM56 / IAE V2500,PHC 2; PHC 3,30-7,277,"Alpha определяет PHC как потерю обогрева: не использовать строку1, где обогрев должен оставаться исправным. Для F/O/STBY читать специальные строки.",ALPHA_2021,False,False
F060,30-31-01,1) retained heater operation vs PHC1 loss,Probe Heat Computers,X,A319/A320/A321 CEO,CFM56 / IAE V2500,PHC 1,30-7,277,Alpha PHC1 выключает обогрев CAPT. Строка1 требует исправный соответствующий heater; эквивалентность не доказана.,ALPHA_2021,False,False
F061,30-31-02,CAPT / F/O / STBY,Pitot Heaters,K,A319/A320/A321 CEO,CFM56 / IAE V2500,Pitot heat Capt; Pitot heat F/O; Pitot heat STBY,30-8,278,Раздельные строки по месту установки; blockage не равно отказу обогрева.,ALPHA_2021,False,False
F062,30-31-03,"Static heaters, side and position",Static Port Heaters,K,A319/A320/A321 CEO,CFM56 / IAE V2500,Left Static heat Capt; Right Static heat Capt; Left Static heat F/O; Right Static heat F/O; Left Static heat Stby; Right Static heat Stby,30-9,279,Не путать левый/правый порт с CAPT/F/O/STBY. В MMEL установлено шесть heaters.,ALPHA_2021,False,False
F063,30-31-04,"AOA heaters, CEO",Angle of Attack Probe Heaters (except A321neo XLR),K,A319/A320/A321 CEO,CFM56 / IAE V2500,AOA heat Capt; AOA heat F/O; AOA heat STBY,30-10,280,Выбирать отдельную позицию и её условия; отказ датчика AOA не тождественен heater.,ALPHA_2021,False,False
F064,30-31-05,"TAT heaters, 2 installed",TAT Probe Heaters,K,A319/A320/A321 CEO,CFM56 / IAE V2500,TAT heat Capt; TAT heat F/O,30-11,281,MMEL указывает два TAT heater; нужен актуальный список Fenix.,ALPHA_2021,False,False
F065,30-31-05,unsupported third TAT heater,TAT Probe Heaters,X,A319/A320/A321 CEO,CFM56 / IAE V2500,TAT heat STBY,30-11,281,"Alpha содержит STBY, но MMEL указывает два установленных TAT heater. Не создавать третий по устаревшему перечню.",ALPHA_2021,False,False
F066,30-42-01,Window Heat Computers,Window Heat Computers,U,A319/A320/A321 CEO,CFM56 / IAE V2500,WHC 1; WHC 2,30-11,281,"Проверить, какие обогреватели теряются и допустимость выбранной строки; не путать компьютер с отдельным стеклом.",ALPHA_2021,False,False
F067,31-30-01,CFDS,Centralized Fault Display System (CFDS),K,A319/A320/A321 CEO,CFM56 / IAE V2500,CFDIU,31-4,288,"Совпадает система диагностики; проверить, что отказ не шире CFDS.",ALPHA_2021,False,False
F068,31-53-01,FWC2 only,Flight Warning Computers (FWC),K,A319/A320/A321 CEO,CFM56 / IAE V2500,FWC 2,31-7,291,"Документ разрешает FWC2, с условиями steep approach и минимумов.",ALPHA_2021,False,False
F069,31-53-01,FWC1 not covered by FWC2 relief,Flight Warning Computers (FWC),X,A319/A320/A321 CEO,CFM56 / IAE V2500,FWC 1,31-7,291,Нельзя переносить разрешение FWC2 на FWC1.,ALPHA_2021,False,False
F070,31-55-01,SDAC2 only,System Data Acquisition Concentrator Units (SDAC),K,A319/A320/A321 CEO,CFM56 / IAE V2500,SDAC 2,31-7,291,MMEL явно называет SDAC2.,ALPHA_2021,False,False
F071,31-55-01,SDAC1 not covered by SDAC2 relief,System Data Acquisition Concentrator Units (SDAC),X,A319/A320/A321 CEO,CFM56 / IAE V2500,SDAC 1,31-7,291,Нельзя переносить разрешение SDAC2 на SDAC1.,ALPHA_2021,False,False
F072,31-56-01,ECAM Control Panel,ECAM Control Panel,U,A319/A320/A321 CEO,CFM56 / IAE V2500,ECP,31-8,292,"Уточнить, совпадает ли полный internal failure панели с разрешёнными функциями/ветвью.",ALPHA_2021,False,False
F073,31-63-01,1) PFDU2 / 2) NDU1 / 3) NDU2 / 4) SDU,Display Units (DU),K,A319/A320/A321 CEO,CFM56 / IAE V2500,DU F/O PFD; DU Capt ND; DU F/O ND; DU ECAM Lower,31-9; 31-10,293; 294,FAA перечисляет конкретные дисплеи. Для SDU отдельные Mod.36414/38111; остальные дисплеи должны быть исправны.,ALPHA_2021,False,False
F074,31-63-01,CAPT PFD and upper ECAM not listed,Display Units (DU),X,A319/A320/A321 CEO,CFM56 / IAE V2500,DU Capt PFD; DU ECAM Upper,31-9; 31-10,293; 294,PFDU1 и E/WDU не включены в прочитанные разрешения; не добавлять по аналогии с другими DU.,ALPHA_2021,False,False
F075,31-63-02,1) DMC1 / 2) DMC2 / 3) DMC3,Display Management Computers,U,A319/A320/A321 CEO,CFM56 / IAE V2500,DMC 1; DMC 2; DMC 3,31-11; 31-12,295; 296,Факт EIS2 не определяет S4-2/S7/S8-2 и автоматическое AC ESS switching. Требуется точная комплектация.,ALPHA_2021,False,False
F076,32-31-01,"1) LGCIU2 CEO, and relevant ACT branch",Landing Gear Control and Interface Unit No. 2 (LGCIU 2),K,A319/A320/A321 CEO,CFM56 / IAE V2500,LGCUI 2,32-1; 32-2; 32-3; 32-4; 32-5; 32-6; 32-7; 32-8; 32-9,297; 298; 299; 300; 301; 302; 303; 304; 305,В alpha опечатка LGCUI. FAA разрешает LGCIU2 с большим списком зависимостей; актуальное имя проверить.,ALPHA_2021,False,False
F077,32-31-01,LGCIU1 vs LGCIU2,Landing Gear Control and Interface Unit No. 2 (LGCIU 2),X,A319/A320/A321 CEO,CFM56 / IAE V2500,LGCUI 1,32-1; 32-2; 32-3; 32-4; 32-5; 32-6; 32-7; 32-8; 32-9,297; 298; 299; 300; 301; 302; 303; 304; 305,MMEL пункт озаглавлен LGCIU2; разрешение на LGCIU1 не переносится.,ALPHA_2021,False,False
F078,32-31-02,"retraction, gear down",Landing Gear Retraction System (except A321neo XLR),U,A319/A320/A321 CEO,CFM56 / IAE V2500,Gear locked down,32-9,305,Может соответствовать только после проверки истинного отказа уборки и всех условий; не равно Gear locked up.,ALPHA_2021,False,False
F079,32-42-01,one wheel brake,Main Wheel Braking Systems,K,A319/A320/A321 CEO,CFM56 / IAE V2500,Wheel brake fault 1; Wheel brake fault 2; Wheel brake fault 3; Wheel brake fault 4,32-10,306,"Разрешён один тормоз; требуется исправность antiskid, NWS и обоих reverser. AUTO/BRK считается неработающим последствием.",ALPHA_2021,False,False
F080,32-42-03,BSCU channels/systems,Braking/Steering Control Unit (BSCU) Channels/Systems,U,A319/A320/A321 CEO,CFM56 / IAE V2500,BSCU SYS 1; BSCU SYS 2,32-12; 32-13; 32-14; 32-15; 32-16,308; 309; 310; 311; 312,Нужны стандарт BSCU и модель самолёта. BSCU brake fault и отказ канала SYS не объединять.,ALPHA_2021,False,False
F081,32-42-04,main AUTO/BRK function,AUTO/BRK Function,K,A319/A320/A321 CEO,CFM56 / IAE V2500,Autobrake failure,32-17,313,Обычное торможение должно сохраняться. Не выбирать подпункты ламп LO/MED/MAX вместо функции.,ALPHA_2021,False,False
F082,32-49-01,pressure indication vs low tyre pressure,ECAM Tire Pressure Indications,X,A319/A320/A321 CEO,CFM56 / IAE V2500,Tyre pressure left 1 low,32-22,318,Низкое физическое давление не равно отказу индикатора давления.,ALPHA_2021,False,False
F083,34-10-01,4) ADR2 / 5) ADR3,ADIRS,K,A319/A320/A321 CEO,CFM56 / IAE V2500,ADR2 failure; ADR3 failure,34-2; 34-3; 34-4; 34-5; 34-6; 34-7; 34-8,336; 337; 338; 339; 340; 341; 342,Раздельные условия; ADR2 отличается ограничениями от ADR3.,ALPHA_2021,False,False
F084,34-10-01,ADR1 not covered by ADR2/3 relief,ADIRS,X,A319/A320/A321 CEO,CFM56 / IAE V2500,ADR1 failure,34-2; 34-3; 34-4; 34-5; 34-6; 34-7; 34-8,336; 337; 338; 339; 340; 341; 342,В прочитанном пункте указаны ADR2 и ADR3; нельзя автоматически разрешать ADR1.,ALPHA_2021,False,False
F085,34-10-01,1) IR1 NAV mode only,ADIRS,U,A319/A320/A321 CEO,CFM56 / IAE V2500,IR1 position failure,34-2; 34-3; 34-4; 34-5; 34-6; 34-7; 34-8,336; 337; 338; 339; 340; 341; 342,Требуется сохранение ATT; полный IR1 failure шире разрешения. Выбрать ветвь стандарта FMS.,ALPHA_2021,False,False
F086,34-10-01,"2) IR2 / 3) IR3, NAV or total as specified",ADIRS,U,A319/A320/A321 CEO,CFM56 / IAE V2500,IR2 position failure; IR3 position failure; IR2 IR failure; IR3 IR failure,34-2; 34-3; 34-4; 34-5; 34-6; 34-7; 34-8,336; 337; 338; 339; 340; 341; 342,Разделить NAV-only и полный отказ. Для IR2 учитываются стандарт FMS и модификации; не заменять IR1.,ALPHA_2021,False,False
F087,34-36-01,ILS systems,ILS Navigation Systems,U,A319/A320/A321 CEO,CFM56 / IAE V2500,ILS 1 G/S; ILS 1 LOC; ILS 2 G/S; ILS 2 LOC,34-15,349,"Канальный отказ приёмника и полный ILS различны. Localizer/Glideslope transmitter в alpha — отказ наземного средства, не бортового ILS.",ALPHA_2021,False,False
F088,34-41-01,Weather Radar Systems,Weather Radar Systems,U,A319/A320/A321 CEO,CFM56 / IAE V2500,,34-17,351,Наличие рабочего радара Fenix не доказывает возможность задать отдельный отказ; в alpha отдельного имени не найдено.,FAA_ONLY + FENIX_WEATHER_RADAR_SUPPORT,False,False
F089,34-42-01,1) RA1 / RA2 without eRudder,Radio Altimeter (RA) Systems,K,A319/A320/A321 CEO,CFM56 / IAE V2500,Radio altimeter 1; Radio altimeter 2,34-18; 34-19,352; 353,RA1/RA2 имеют разные сроки устранения; остальные перечисленные компьютеры должны работать.,ALPHA_2021,False,False
F090,34-43-01,TCAS II,Traffic Alert and Collision Avoidance System (TCAS II),K,A319/A320/A321 CEO,CFM56 / IAE V2500,TCAS,34-21; 34-22,355; 356,Совпадает функция; проверить режим отказа и ограничения выбранной строки.,ALPHA_2021,False,False
F091,34-48-01,GPWS,Ground Proximity Warning System (GPWS),U,A319/A320/A321 CEO,CFM56 / IAE V2500,GPWC,34-23; 34-24,357; 358,"Полный GPWC может затронуть GPWS, TAWS и windshear; выделить все последствия.",ALPHA_2021,False,False
F092,34-52-01,ATC transponder,ATC Transponders and Automatic Altitude Reporting Systems,K,A319/A320/A321 CEO,CFM56 / IAE V2500,ATC 1; ATC 2,34-25,359,"Учитывать оставшийся транспондер, altitude reporting и ADS-B; не считать все функции автоматически тождественными.",ALPHA_2021,False,False
F093,34-53-01,ADF,ADF System,K,A319/A320/A321 CEO,CFM56 / IAE V2500,ADF 1; ADF 2,34-25,359,"Только установленные приёмники; alpha упоминает два, комплектация конкретного Fenix ещё не проверена.",ALPHA_2021,False,False
F094,34-55-01,VOR,VOR Navigation,K,A319/A320/A321 CEO,CFM56 / IAE V2500,VOR 1; VOR 2,34-26,360,Сохранить требования к маршруту/средствам навигации из MMEL.,ALPHA_2021,False,False
F095,34-58-01,"GPS, selected configuration",Global Positioning System,K,A319/A320/A321 CEO,CFM56 / IAE V2500,GPS 1; GPS 2,34-29; 34-30; 34-31; 34-32; 34-33,363; 364; 365; 366; 367,Определить стандарт GPS/MMR и оставшиеся навигационные функции; не смешивать GPS с полным ADIRS.,ALPHA_2021,False,False
F096,35-13-01,pressure indication vs oxygen depletion,Indications on DOOR/OXY ECAM Page,X,A319/A320/A321 CEO,CFM56 / IAE V2500,Crew oxygen pressure < 400; Crew oxygen pressure < 800,35-1; 35-2,369; 370,Малое количество кислорода не равно отказу указателя. Эти сценарии не включать по пункту индикации.,ALPHA_2021,False,False
F097,36-11-02,PRV secured closed,Bleed Valves (PRV),U,A319/A320/A321 CEO,CFM56 / IAE V2500,Eng 1 bleed valve; Eng 2 bleed valve,36-5,379,Fenix фиксирует текущее положение. Требуется именно closed и последствия по 36-11-01.,ALPHA_2021,False,False
F098,36-11-07,HPV closed,High Pressure Valves (HPV),U,A319/A320/A321 CEO,CFM56 / IAE V2500,Eng 1 HP Valve; Eng 2 HP Valve,36-7,381,Нужно подтвердить закрытое положение и соответствующую строку MMEL.,ALPHA_2021,False,False
F099,36-11-08,"BMC, CEO standard",Bleed Monitoring Computer (BMC),U,A319/A320/A321 CEO,CFM56 / IAE V2500,BMC 1; BMC 2,36-8; 36-9; 36-10; 36-11; 36-12; 36-13,382; 383; 384; 385; 386; 387,Ветви зависят от модификаций/систем; не считать BMC1/BMC2 симметричными без разбора строки.,ALPHA_2021,False,False
F100,36-12-02,"APU bleed valve, state and ACT",APU Bleed Valve,U,A319/A320/A321 CEO,CFM56 / IAE V2500,APU bleed valve,36-14; 36-15,388; 389,Раздельно open/closed. Для ACT-конфигураций есть дополнительные условия.,ALPHA_2021,False,False
F101,36-12-04,AUTO/MAN control vs mechanically stuck valve,Cross Bleed Valve,X,A319/A320/A321 CEO,CFM56 / IAE V2500,Crossbleed valve,36-16,390,MMEL допускает потерю одного способа управления при сохранении другого; заклинивший клапан не эквивалентен.,ALPHA_2021,False,False
F102,36-22-15,detection loops vs actual leak,Pylon Leak Detection Loops,X,A319/A320/A321 CEO,CFM56 / IAE V2500,Bleed leak pylon engine 1; Bleed leak pylon engine 2,36-17; 36-18; 36-19,391; 392; 393,Настоящая утечка не является отказом контура обнаружения утечки.,ALPHA_2021,False,False
F103,46-21-01,ATSU,Air Traffic Service Unit System (ATSU),K,A319/A320/A321 CEO,CFM56 / IAE V2500,ATSU,46-2,403,"Совпадает блок; определить связанные функции datalink, не переносить на EFB.",ALPHA_2021,False,False
F104,49-10-01,APU system via ECB failure,APU System,U,A319/A320/A321 CEO,CFM56 / IAE V2500,ECB,49-1; 49-2,406; 407,Проверить потерю APU и отсутствие пожара/других повреждений; выбрать ветвь ACT.,ALPHA_2021,False,False
F105,49-30-02,APU LP valve,APU LP Valve,U,A319/A320/A321 CEO,CFM56 / IAE V2500,APU fuel valve,49-3,408,Требуется идентификация клапана и его положения; APU fire не эквивалентен.,ALPHA_2021,False,False
F106,52-70-01,door indication by physical door type,ECAM DOOR Page Indications,U,A319/A320/A321 CEO,CFM56 / IAE V2500,Aft cargo door; Forward cargo door; Forward avionics door,52-7; 52-8; 52-9,415; 416; 417,"Alpha описывает сигнал датчика. Проверить, что дверь физически закрыта; количество/расположение дверей различается у A319/320/321.",ALPHA_2021,False,False
F107,74-31-01,ignition channel vs no ignition,Ignition Systems,U,A319/A320/A321 CEO,CFM56 / IAE V2500,Eng 1 no ignition; Eng 2 no ignition,74-1,437,"Нельзя назначить допуск отдельного igniter на общий отказ запуска без проверки, какой канал остался работоспособен.",ALPHA_2021,False,False
F108,78-30-01,"1) CEO, one reverser secured stowed",Thrust Reverser Systems,K,A319/A320/A321 CEO,CFM56 / IAE V2500,Left reverser inhibited by maint; Right reverser inhibited by maint,78-2; 78-3; 78-4; 78-5; 78-6; 78-7; 78-8,444; 445; 446; 447; 448; 449; 450,Подходящий вид отказа. Раздельные проверки CFM switches / IAE LVDT; оба тормозных условия и характеристики обязательны.,ALPHA_2021,False,False
F109,78-30-01,unlocked/pressurized is not secured stowed,Thrust Reverser Systems,X,A319/A320/A321 CEO,CFM56 / IAE V2500,Left reverser unlocked; Left reverser pressurized; Right reverser unlocked; Right reverser pressurized,78-2; 78-3; 78-4; 78-5; 78-6; 78-7; 78-8,444; 445; 446; 447; 448; 449; 450,Не соответствует требованию отключённого убранного реверса и отсутствия REV PRESSURIZED.,ALPHA_2021,False,False
F110,79-31-01,quantity indication vs actual low oil,Oil Quantity Indications,X,A319/A320/A321 CEO,CFM56 / IAE V2500,Eng 1 low oil quantity; Eng 2 low oil quantity,79-2,454,Физически малое количество масла не равно отказу указателя количества.,ALPHA_2021,False,False
F111,80-11-01,1)a) CFM/IAE start valve,Start Valve System,U,A319/A320/A321 CEO,CFM56 / IAE V2500,Start valve left; Start valve right,80-1; 80-2,471; 472,Alpha: механически закрыт. FAA требует наземной ручной работы клапана; доступность такого обслуживания в Fenix не подтверждена.,ALPHA_2021,False,False
F112,26-11-01,outside chosen CEO/CFM56/IAE scope,MLG Bay Fire Detection Loops (A321neo XLR),N,Вне A319/A320/A321 CEO,Вне выбранной конфигурации,,26-1,155,"Пункт относится к neo/XLR, A318/PW6000 либо их оборудованию; вне выбранного состава Fenix.",FAA_SCOPE + LOCAL_GUIDE_2025,False,False
F113,26-11-02,outside chosen CEO/CFM56/IAE scope,MLG Bay Fire Detection System (A321neo XLR),N,Вне A319/A320/A321 CEO,Вне выбранной конфигурации,,26-2,156,"Пункт относится к neo/XLR, A318/PW6000 либо их оборудованию; вне выбранного состава Fenix.",FAA_SCOPE + LOCAL_GUIDE_2025,False,False
F114,27-64-05,outside chosen CEO/CFM56/IAE scope,LAF DEGRADED Caution on ECAM EWD (A321neo XLR),N,Вне A319/A320/A321 CEO,Вне выбранной конфигурации,,27-18,190,"Пункт относится к neo/XLR, A318/PW6000 либо их оборудованию; вне выбранного состава Fenix.",FAA_SCOPE + LOCAL_GUIDE_2025,False,False
F115,27-92-07,outside chosen CEO/CFM56/IAE scope,STICK SENSOR FAULT Caution on ECAM EWD (A321neo XLR),N,Вне A319/A320/A321 CEO,Вне выбранной конфигурации,,27-21,193,"Пункт относится к neo/XLR, A318/PW6000 либо их оборудованию; вне выбранного состава Fenix.",FAA_SCOPE + LOCAL_GUIDE_2025,False,False
F116,27-93-04,outside chosen CEO/CFM56/IAE scope,LAWS REDUND LOST Caution on ECAM EWD (A321neo XLR),N,Вне A319/A320/A321 CEO,Вне выбранной конфигурации,,27-24,196,"Пункт относится к neo/XLR, A318/PW6000 либо их оборудованию; вне выбранного состава Fenix.",FAA_SCOPE + LOCAL_GUIDE_2025,False,False
F117,28-21-04,outside chosen CEO/CFM56/IAE scope,Rear Center Tank System (A321neo XLR),N,Вне A319/A320/A321 CEO,Вне выбранной конфигурации,,28-11; 28-12; 28-13,220; 221; 222,"Пункт относится к neo/XLR, A318/PW6000 либо их оборудованию; вне выбранного состава Fenix.",FAA_SCOPE + LOCAL_GUIDE_2025,False,False
F118,28-25-07,outside chosen CEO/CFM56/IAE scope,RCT Inlet Valve,N,Вне A319/A320/A321 CEO,Вне выбранной конфигурации,,28-19,228,"Пункт относится к neo/XLR, A318/PW6000 либо их оборудованию; вне выбранного состава Fenix.",FAA_SCOPE + LOCAL_GUIDE_2025,False,False
F119,28-25-08,outside chosen CEO/CFM56/IAE scope,RCT Refuel Valve,N,Вне A319/A320/A321 CEO,Вне выбранной конфигурации,,28-19,228,"Пункт относится к neo/XLR, A318/PW6000 либо их оборудованию; вне выбранного состава Fenix.",FAA_SCOPE + LOCAL_GUIDE_2025,False,False
F120,30-21-03,outside chosen CEO/CFM56/IAE scope,ANTI-ICE ENG 1(2) CTL FAULT Cautions on ECAM EWD (A319neo/A320neo/ A321neo),N,Вне A319/A320/A321 CEO,Вне выбранной конфигурации,,30-6,276,"Пункт относится к neo/XLR, A318/PW6000 либо их оборудованию; вне выбранного состава Fenix.",FAA_SCOPE + LOCAL_GUIDE_2025,False,False
F121,71-10-01,outside chosen CEO/CFM56/IAE scope,ENG 1(2) FAN COWL NOT CLSD Alert (A319neo/A320neo/ A321neo),N,Вне A319/A320/A321 CEO,Вне выбранной конфигурации,,71-2,420,"Пункт относится к neo/XLR, A318/PW6000 либо их оборудованию; вне выбранного состава Fenix.",FAA_SCOPE + LOCAL_GUIDE_2025,False,False
F122,71-13-01,outside chosen CEO/CFM56/IAE scope,Fan Cowl Loss Prevention Mechanical System (A319neo/A320neo/ A321neo with CFM LEAP-1A Engines),N,Вне A319/A320/A321 CEO,Вне выбранной конфигурации,,71-2,420,"Пункт относится к neo/XLR, A318/PW6000 либо их оборудованию; вне выбранного состава Fenix.",FAA_SCOPE + LOCAL_GUIDE_2025,False,False
F123,73-20-11,outside chosen CEO/CFM56/IAE scope,Engine Overthrust Protection System (A318 or A319neo/ A320neo/A321neo),N,Вне A319/A320/A321 CEO,Вне выбранной конфигурации,,73-2,422,"Пункт относится к neo/XLR, A318/PW6000 либо их оборудованию; вне выбранного состава Fenix.",FAA_SCOPE + LOCAL_GUIDE_2025,False,False
F124,73-30-05,outside chosen CEO/CFM56/IAE scope,MINOR FAULT Cautions on ECAM EWD (A319neo/A320neo/ A321neo),N,Вне A319/A320/A321 CEO,Вне выбранной конфигурации,,73-4,424,"Пункт относится к neo/XLR, A318/PW6000 либо их оборудованию; вне выбранного состава Fenix.",FAA_SCOPE + LOCAL_GUIDE_2025,False,False
F125,73-30-08,outside chosen CEO/CFM56/IAE scope,HEAT SYS DEGRAD Cautions on ECAM EWD (A319neo/A320neo/ A321neo with PW 1100G Engines) (A319neo/A320neo/ A321neo with PW 1100G Engines) (A319neo/A320neo/ A321neo with PW 1100G Engines),N,Вне A319/A320/A321 CEO,Вне выбранной конфигурации,,73-15,435,"Пункт относится к neo/XLR, A318/PW6000 либо их оборудованию; вне выбранного состава Fenix.",FAA_SCOPE + LOCAL_GUIDE_2025,False,False
F126,73-30-10,outside chosen CEO/CFM56/IAE scope,HP FUEL VALVE Cautions on ECAM EWD (A319neo/A320neo/ A321neo with CFM LEAP-1A Engines),N,Вне A319/A320/A321 CEO,Вне выбранной конфигурации,,73-16,436,"Пункт относится к neo/XLR, A318/PW6000 либо их оборудованию; вне выбранного состава Fenix.",FAA_SCOPE + LOCAL_GUIDE_2025,False,False
F127,73-30-11,outside chosen CEO/CFM56/IAE scope,FADEC IDENT FAULT Cautions on ECAM EWD (A319neo/A320neo/ A321neo with CFM LEAP-1A Engines),N,Вне A319/A320/A321 CEO,Вне выбранной конфигурации,,73-16,436,"Пункт относится к neo/XLR, A318/PW6000 либо их оборудованию; вне выбранного состава Fenix.",FAA_SCOPE + LOCAL_GUIDE_2025,False,False
F128,75-22-02,outside chosen CEO/CFM56/IAE scope,Buffer Air Check Valve (A319neo/A320neo/ A321neo with PW 1100G Engines),N,Вне A319/A320/A321 CEO,Вне выбранной конфигурации,,75-1,439,"Пункт относится к neo/XLR, A318/PW6000 либо их оборудованию; вне выбранного состава Fenix.",FAA_SCOPE + LOCAL_GUIDE_2025,False,False
F129,75-25-02,outside chosen CEO/CFM56/IAE scope,TCA Valve (PW 6000 Engines Only),N,Вне A319/A320/A321 CEO,Вне выбранной конфигурации,,75-2,440,"Пункт относится к neo/XLR, A318/PW6000 либо их оборудованию; вне выбранного состава Fenix.",FAA_SCOPE + LOCAL_GUIDE_2025,False,False
F130,75-25-03,outside chosen CEO/CFM56/IAE scope,FADEC Blower (A319neo/A320neo/ A321neo with CFM LEAP-1A Engines and Mod. 163105/ MP P20228),N,Вне A319/A320/A321 CEO,Вне выбранной конфигурации,,75-2,440,"Пункт относится к neo/XLR, A318/PW6000 либо их оборудованию; вне выбранного состава Fenix.",FAA_SCOPE + LOCAL_GUIDE_2025,False,False
F131,78-31-02,outside chosen CEO/CFM56/IAE scope,REV MINOR FAULT Caution on ECAM EWD (A319neo/A320neo/ A321neo),N,Вне A319/A320/A321 CEO,Вне выбранной конфигурации,,78-10,452,"Пункт относится к neo/XLR, A318/PW6000 либо их оборудованию; вне выбранного состава Fenix.",FAA_SCOPE + LOCAL_GUIDE_2025,False,False
F132,79-20-03,outside chosen CEO/CFM56/IAE scope,Air Oil Cooler Valve (PW 6000 Engines Only),N,Вне A319/A320/A321 CEO,Вне выбранной конфигурации,,79-1,453,"Пункт относится к neo/XLR, A318/PW6000 либо их оборудованию; вне выбранного состава Fenix.",FAA_SCOPE + LOCAL_GUIDE_2025,False,False
F133,80-11-06,outside chosen CEO/CFM56/IAE scope,DUAL COOLING Control (A319neo/A320neo/ A321neo with PW 1100G Engines and Mod. 161854/ MP P15967),N,Вне A319/A320/A321 CEO,Вне выбранной конфигурации,,80-2,472,"Пункт относится к neo/XLR, A318/PW6000 либо их оборудованию; вне выбранного состава Fenix.",FAA_SCOPE + LOCAL_GUIDE_2025,False,False
